RequestID,Subject,Description,Application,Requester,Department,Created Time,Request Status,Technician,Resolved By
REQ-5001,Requesting software install,please look into this,Not Requested,Employee 2944,Regulatory Affairs,2025-09-03 18:08:57,On Hold,Tech 01,Agent 04
REQ-5002,Printer offline level 3,please look into this,Not Requested,Employee 5850,Regulatory Affairs,2025-09-02 10:25:24,Closed,Tech 02,Agent 04
REQ-5003,New Ticket,"FYI, see thread below. <https://tracking.example-mailer.invalid/ls/click?upn=AAAAAAAAAAAAAAAAAAAAAAAAAAAAAAAAAAAAAAAAAAAAAAAAAAAAAAAAAAAAAAAAAAAAAAAAAAAAAAAAAAAAAAAAAAAAAAAAAAAAAAAAAAAAAAAAAAAAAAAAAAAAAAAAAAAAAAAAAAAAAAAAAAAAAAAAAAAAAAAAAAAAAAAAAAAAAAAAAAAAAAAAAAAAAAAAAAAAAAAAAAAAAAAAAAAAAAAAAAAA> [image] follow us on social. Service call returned an error: request channel timed out while waiting for a reply after 00:03:59. Increase the SendTimeout value on the binding. 2025-09-03 11:26:17 Contacts {A5006D7F-4CBB-F011-A9EB-000D3AD09F7D}",Not Requested,Employee 6703,HR,2025-09-03 09:19:20,Transfer to Infra,Tech 06,Agent 04
REQ-5004,Password reset needed,please look into this,Not Requested,Employee 9599,Manufacturing,2025-09-02 09:56:59,On Hold,Tech 05,Agent 01
REQ-5005,Email id creation for new joinees,please look into this,Not Requested,Employee 2534,Regulatory Affairs,2025-09-02 12:13:56,Open,Tech 04,Agent 05
REQ-5006,New Ticket,"FYI, see thread below. <https://tracking.example-mailer.invalid/ls/click?upn=AAAAAAAAAAAAAAAAAAAAAAAAAAAAAAAAAAAAAAAAAAAAAAAAAAAAAAAAAAAAAAAAAAAAAAAAAAAAAAAAAAAAAAAAAAAAAAAAAAAAAAAAAAAAAAAAAAAAAAAAAAAAAAAAAAAAAAAAAAAAAAAAAAAAAAAAAAAAAAAAAAAAAAAAAAAAAAAAAAAAAAAAAAAAAAAAAAAAAAAAAAAAAAAAAAAAAAAAAAAA> [image] follow us on social. Service call returned an error: request channel timed out while waiting for a reply after 00:03:59. Increase the SendTimeout value on the binding. 2025-09-03 11:26:17 Contacts {A5006D7F-4CBB-F011-A9EB-000D3AD09F7D}",Cancelled,Employee 4559,Quality,2025-09-06 21:10:44,Closed,Tech 03,Agent 04
REQ-5007,System slow after patch,please look into this,Cancelled,Employee 6176,Marketing,2025-09-06 20:37:01,On Hold,Tech 05,Agent 05
REQ-5008,System slow after patch,please look into this,Not Requested,Employee 2131,Finance,2025-09-03 14:01:30,Closed,Tech 04,Agent 02
REQ-5009,New Ticket,"FYI, see thread below. <https://tracking.example-mailer.invalid/ls/click?upn=AAAAAAAAAAAAAAAAAAAAAAAAAAAAAAAAAAAAAAAAAAAAAAAAAAAAAAAAAAAAAAAAAAAAAAAAAAAAAAAAAAAAAAAAAAAAAAAAAAAAAAAAAAAAAAAAAAAAAAAAAAAAAAAAAAAAAAAAAAAAAAAAAAAAAAAAAAAAAAAAAAAAAAAAAAAAAAAAAAAAAAAAAAAAAAAAAAAAAAAAAAAAAAAAAAAAAAAAAAAA> [image] follow us on social. Service call returned an error: request channel timed out while waiting for a reply after 00:03:59. Increase the SendTimeout value on the binding. 2025-09-03 11:26:17 Contacts {A5006D7F-4CBB-F011-A9EB-000D3AD09F7D}",Not Requested,Employee 4366,Field Sales,2025-09-02 19:00:36,Closed,Tech 05,Agent 01
REQ-5010,Add user to distribution list,please look into this,Not Requested,Employee 6201,Regulatory Affairs,2025-09-03 15:05:39,Closed,Tech 06,Agent 06
REQ-5011,Weekly compliance report India,please look into this,Not Requested,Employee 6715,Finance,2025-09-01 04:30:48,Transfer to Infra,Tech 05,Agent 04
REQ-5012,Requesting software install,"FYI, see thread below. <https://tracking.example-mailer.invalid/ls/click?upn=AAAAAAAAAAAAAAAAAAAAAAAAAAAAAAAAAAAAAAAAAAAAAAAAAAAAAAAAAAAAAAAAAAAAAAAAAAAAAAAAAAAAAAAAAAAAAAAAAAAAAAAAAAAAAAAAAAAAAAAAAAAAAAAAAAAAAAAAAAAAAAAAAAAAAAAAAAAAAAAAAAAAAAAAAAAAAAAAAAAAAAAAAAAAAAAAAAAAAAAAAAAAAAAAAAAAAAAAAAAA> [image] follow us on social. Service call returned an error: request channel timed out while waiting for a reply after 00:03:59. Increase the SendTimeout value on the binding. 2025-09-03 11:26:17 Contacts {A5006D7F-4CBB-F011-A9EB-000D3AD09F7D}",Not Requested,Employee 4120,Finance,2025-09-04 20:54:57,Open,Tech 03,Agent 05
REQ-5013,Weekly compliance report India,please look into this,Approved,Employee 1770,Manufacturing,2025-09-06 16:42:43,Closed,Tech 05,Agent 01
REQ-5014,Add user to distribution list,please look into this,Approved,Employee 4212,Marketing,2025-09-01 05:21:24,Closed,Tech 03,Agent 01
REQ-5015,New Ticket,"FYI, see thread below. <https://tracking.example-mailer.invalid/ls/click?upn=AAAAAAAAAAAAAAAAAAAAAAAAAAAAAAAAAAAAAAAAAAAAAAAAAAAAAAAAAAAAAAAAAAAAAAAAAAAAAAAAAAAAAAAAAAAAAAAAAAAAAAAAAAAAAAAAAAAAAAAAAAAAAAAAAAAAAAAAAAAAAAAAAAAAAAAAAAAAAAAAAAAAAAAAAAAAAAAAAAAAAAAAAAAAAAAAAAAAAAAAAAAAAAAAAAAAAAAAAAAA> [image] follow us on social. Service call returned an error: request channel timed out while waiting for a reply after 00:03:59. Increase the SendTimeout value on the binding. 2025-09-03 11:26:17 Contacts {A5006D7F-4CBB-F011-A9EB-000D3AD09F7D}",Not Requested,Employee 1567,Manufacturing,2025-09-03 02:36:46,Closed,Tech 02,Agent 04
REQ-5016,Laptop replacement,please look into this,Not Requested,Employee 1230,Regulatory Affairs,2025-09-01 15:23:56,Open,Tech 01,Agent 02
REQ-5017,VPN not connecting,please look into this,Not Requested,Employee 1931,IT,2025-09-03 14:46:28,On Hold,Tech 06,Agent 05
REQ-5018,Need code assistant access,"FYI, see thread below. <https://tracking.example-mailer.invalid/ls/click?upn=AAAAAAAAAAAAAAAAAAAAAAAAAAAAAAAAAAAAAAAAAAAAAAAAAAAAAAAAAAAAAAAAAAAAAAAAAAAAAAAAAAAAAAAAAAAAAAAAAAAAAAAAAAAAAAAAAAAAAAAAAAAAAAAAAAAAAAAAAAAAAAAAAAAAAAAAAAAAAAAAAAAAAAAAAAAAAAAAAAAAAAAAAAAAAAAAAAAAAAAAAAAAAAAAAAAAAAAAAAAA> [image] follow us on social. Service call returned an error: request channel timed out while waiting for a reply after 00:03:59. Increase the SendTimeout value on the binding. 2025-09-03 11:26:17 Contacts {A5006D7F-4CBB-F011-A9EB-000D3AD09F7D}",Not Requested,Employee 3358,Regulatory Affairs,2025-09-05 17:53:42,Closed,Tech 02,Agent 04
REQ-5019,VPN not connecting,please look into this,Not Requested,Employee 9706,Manufacturing,2025-09-05 14:14:02,On Hold,Tech 06,Agent 01
REQ-5020,Password reset needed,please look into this,Not Requested,Employee 6812,Marketing,2025-09-05 07:07:39,Closed,Tech 04,Agent 06
REQ-5021,Add user to distribution list,"FYI, see thread below. <https://tracking.example-mailer.invalid/ls/click?upn=AAAAAAAAAAAAAAAAAAAAAAAAAAAAAAAAAAAAAAAAAAAAAAAAAAAAAAAAAAAAAAAAAAAAAAAAAAAAAAAAAAAAAAAAAAAAAAAAAAAAAAAAAAAAAAAAAAAAAAAAAAAAAAAAAAAAAAAAAAAAAAAAAAAAAAAAAAAAAAAAAAAAAAAAAAAAAAAAAAAAAAAAAAAAAAAAAAAAAAAAAAAAAAAAAAAAAAAAAAAA> [image] follow us on social. Service call returned an error: request channel timed out while waiting for a reply after 00:03:59. Increase the SendTimeout value on the binding. 2025-09-03 11:26:17 Contacts {A5006D7F-4CBB-F011-A9EB-000D3AD09F7D}",Not Requested,Employee 1137,Marketing,2025-09-03 10:59:42,Closed,Tech 02,Agent 02
REQ-5022,New Ticket,please look into this,Not Requested,Employee 3540,Finance,2025-09-05 02:46:26,Closed,Tech 02,Agent 02
REQ-5023,New Ticket,please look into this,Not Requested,Employee 8056,Supply Chain,2025-09-03 05:31:25,Closed,Tech 05,Agent 01
REQ-5024,Add user to distribution list,"FYI, see thread below. <https://tracking.example-mailer.invalid/ls/click?upn=AAAAAAAAAAAAAAAAAAAAAAAAAAAAAAAAAAAAAAAAAAAAAAAAAAAAAAAAAAAAAAAAAAAAAAAAAAAAAAAAAAAAAAAAAAAAAAAAAAAAAAAAAAAAAAAAAAAAAAAAAAAAAAAAAAAAAAAAAAAAAAAAAAAAAAAAAAAAAAAAAAAAAAAAAAAAAAAAAAAAAAAAAAAAAAAAAAAAAAAAAAAAAAAAAAAAAAAAAAAA> [image] follow us on social. Service call returned an error: request channel timed out while waiting for a reply after 00:03:59. Increase the SendTimeout value on the binding. 2025-09-03 11:26:17 Contacts {A5006D7F-4CBB-F011-A9EB-000D3AD09F7D}",Cancelled,Employee 9954,HR,2025-09-03 04:00:05,On Hold,Tech 01,Agent 02
REQ-5025,Email id creation for new joinees,please look into this,Not Requested,Employee 2961,Quality,2025-09-02 04:56:42,Closed,Tech 01,Agent 06
REQ-5026,New Ticket,please look into this,Approved,Employee 8825,Regulatory Affairs,2025-09-04 20:22:39,On Hold,Tech 05,Agent 02
REQ-5027,Password reset needed,"FYI, see thread below. <https://tracking.example-mailer.invalid/ls/click?upn=AAAAAAAAAAAAAAAAAAAAAAAAAAAAAAAAAAAAAAAAAAAAAAAAAAAAAAAAAAAAAAAAAAAAAAAAAAAAAAAAAAAAAAAAAAAAAAAAAAAAAAAAAAAAAAAAAAAAAAAAAAAAAAAAAAAAAAAAAAAAAAAAAAAAAAAAAAAAAAAAAAAAAAAAAAAAAAAAAAAAAAAAAAAAAAAAAAAAAAAAAAAAAAAAAAAAAAAAAAAA> [image] follow us on social. Service call returned an error: request channel timed out while waiting for a reply after 00:03:59. Increase the SendTimeout value on the binding. 2025-09-03 11:26:17 Contacts {A5006D7F-4CBB-F011-A9EB-000D3AD09F7D}",Not Requested,Employee 3693,Quality,2025-09-01 01:07:09,Closed,Tech 05,Agent 06
REQ-5028,New Ticket,please look into this,Approved,Employee 6890,Manufacturing,2025-09-02 18:59:34,Closed,Tech 05,Agent 01
REQ-5029,Access removal request,please look into this,Not Requested,Employee 9890,Supply Chain,2025-09-06 08:44:07,Open,Tech 04,Agent 02
REQ-5030,Access removal request,"FYI, see thread below. <https://tracking.example-mailer.invalid/ls/click?upn=AAAAAAAAAAAAAAAAAAAAAAAAAAAAAAAAAAAAAAAAAAAAAAAAAAAAAAAAAAAAAAAAAAAAAAAAAAAAAAAAAAAAAAAAAAAAAAAAAAAAAAAAAAAAAAAAAAAAAAAAAAAAAAAAAAAAAAAAAAAAAAAAAAAAAAAAAAAAAAAAAAAAAAAAAAAAAAAAAAAAAAAAAAAAAAAAAAAAAAAAAAAAAAAAAAAAAAAAAAAA> [image] follow us on social. Service call returned an error: request channel timed out while waiting for a reply after 00:03:59. Increase the SendTimeout value on the binding. 2025-09-03 11:26:17 Contacts {A5006D7F-4CBB-F011-A9EB-000D3AD09F7D}",Not Requested,Employee 7710,Supply Chain,2025-09-01 23:49:34,Closed,Tech 04,Agent 01
REQ-5031,Printer offline level 3,please look into this,Not Requested,Employee 9521,HR,2025-09-03 03:22:06,On Hold,Tech 03,Agent 05
REQ-5032,System slow after patch,please look into this,Approved,Employee 1552,Marketing,2025-09-05 04:53:51,Closed,Tech 03,Agent 05
REQ-5033,Access removal request,"FYI, see thread below. <https://tracking.example-mailer.invalid/ls/click?upn=AAAAAAAAAAAAAAAAAAAAAAAAAAAAAAAAAAAAAAAAAAAAAAAAAAAAAAAAAAAAAAAAAAAAAAAAAAAAAAAAAAAAAAAAAAAAAAAAAAAAAAAAAAAAAAAAAAAAAAAAAAAAAAAAAAAAAAAAAAAAAAAAAAAAAAAAAAAAAAAAAAAAAAAAAAAAAAAAAAAAAAAAAAAAAAAAAAAAAAAAAAAAAAAAAAAAAAAAAAAA> [image] follow us on social. Service call returned an error: request channel timed out while waiting for a reply after 00:03:59. Increase the SendTimeout value on the binding. 2025-09-03 11:26:17 Contacts {A5006D7F-4CBB-F011-A9EB-000D3AD09F7D}",Not Requested,Employee 4761,IT,2025-09-02 18:34:13,Closed,Tech 04,Agent 04
REQ-5034,Printer offline level 3,please look into this,Not Requested,Employee 3738,HR,2025-09-06 18:43:11,On Hold,Tech 03,Agent 05
REQ-5035,Requesting software install,please look into this,Not Requested,Employee 3827,Finance,2025-09-04 06:03:00,Closed,Tech 01,Agent 01
REQ-5036,Printer offline level 3,"FYI, see thread below. <https://tracking.example-mailer.invalid/ls/click?upn=AAAAAAAAAAAAAAAAAAAAAAAAAAAAAAAAAAAAAAAAAAAAAAAAAAAAAAAAAAAAAAAAAAAAAAAAAAAAAAAAAAAAAAAAAAAAAAAAAAAAAAAAAAAAAAAAAAAAAAAAAAAAAAAAAAAAAAAAAAAAAAAAAAAAAAAAAAAAAAAAAAAAAAAAAAAAAAAAAAAAAAAAAAAAAAAAAAAAAAAAAAAAAAAAAAAAAAAAAAAA> [image] follow us on social. Service call returned an error: request channel timed out while waiting for a reply after 00:03:59. Increase the SendTimeout value on the binding. 2025-09-03 11:26:17 Contacts {A5006D7F-4CBB-F011-A9EB-000D3AD09F7D}",Not Requested,Employee 8744,Regulatory Affairs,2025-09-02 19:25:30,Closed,Tech 02,Agent 01
REQ-5037,Password reset needed,please look into this,Not Requested,Employee 1317,Marketing,2025-09-04 04:41:04,Transfer to Infra,Tech 05,Agent 05
REQ-5038,System slow after patch,please look into this,Approved,Employee 3912,Regulatory Affairs,2025-09-06 19:03:54,On Hold,Tech 05,Agent 01
REQ-5039,Email id creation for new joinees,"FYI, see thread below. <https://tracking.example-mailer.invalid/ls/click?upn=AAAAAAAAAAAAAAAAAAAAAAAAAAAAAAAAAAAAAAAAAAAAAAAAAAAAAAAAAAAAAAAAAAAAAAAAAAAAAAAAAAAAAAAAAAAAAAAAAAAAAAAAAAAAAAAAAAAAAAAAAAAAAAAAAAAAAAAAAAAAAAAAAAAAAAAAAAAAAAAAAAAAAAAAAAAAAAAAAAAAAAAAAAAAAAAAAAAAAAAAAAAAAAAAAAAAAAAAAAAA> [image] follow us on social. Service call returned an error: request channel timed out while waiting for a reply after 00:03:59. Increase the SendTimeout value on the binding. 2025-09-03 11:26:17 Contacts {A5006D7F-4CBB-F011-A9EB-000D3AD09F7D}",Not Requested,Employee 2508,IT,2025-09-04 13:50:33,Closed,Tech 04,Agent 02
REQ-5040,VPN not connecting,please look into this,Cancelled,Employee 8770,R&D,2025-09-01 14:45:05,Closed,Tech 02,Agent 04
REQ-5041,Requesting software install,please look into this,Not Requested,Employee 2218,Marketing,2025-09-03 20:49:57,Open,Tech 01,Agent 01
REQ-5042,Printer offline level 3,"FYI, see thread below. <https://tracking.example-mailer.invalid/ls/click?upn=AAAAAAAAAAAAAAAAAAAAAAAAAAAAAAAAAAAAAAAAAAAAAAAAAAAAAAAAAAAAAAAAAAAAAAAAAAAAAAAAAAAAAAAAAAAAAAAAAAAAAAAAAAAAAAAAAAAAAAAAAAAAAAAAAAAAAAAAAAAAAAAAAAAAAAAAAAAAAAAAAAAAAAAAAAAAAAAAAAAAAAAAAAAAAAAAAAAAAAAAAAAAAAAAAAAAAAAAAAAA> [image] follow us on social. Service call returned an error: request channel timed out while waiting for a reply after 00:03:59. Increase the SendTimeout value on the binding. 2025-09-03 11:26:17 Contacts {A5006D7F-4CBB-F011-A9EB-000D3AD09F7D}",Not Requested,Employee 1145,Regulatory Affairs,2025-09-04 01:34:38,Closed,Tech 02,Agent 06
REQ-5043,Requesting software install,please look into this,Not Requested,Employee 8878,Quality,2025-09-06 04:33:59,On Hold,Tech 03,Agent 03
REQ-5044,Access removal request,please look into this,Not Requested,Employee 1337,Field Sales,2025-09-03 09:30:39,Closed,Tech 02,Agent 01
REQ-5045,Weekly compliance report India,"FYI, see thread below. <https://tracking.example-mailer.invalid/ls/click?upn=AAAAAAAAAAAAAAAAAAAAAAAAAAAAAAAAAAAAAAAAAAAAAAAAAAAAAAAAAAAAAAAAAAAAAAAAAAAAAAAAAAAAAAAAAAAAAAAAAAAAAAAAAAAAAAAAAAAAAAAAAAAAAAAAAAAAAAAAAAAAAAAAAAAAAAAAAAAAAAAAAAAAAAAAAAAAAAAAAAAAAAAAAAAAAAAAAAAAAAAAAAAAAAAAAAAAAAAAAAAA> [image] follow us on social. Service call returned an error: request channel timed out while waiting for a reply after 00:03:59. Increase the SendTimeout value on the binding. 2025-09-03 11:26:17 Contacts {A5006D7F-4CBB-F011-A9EB-000D3AD09F7D}",Approved,Employee 5353,Marketing,2025-09-01 08:38:44,Closed,Tech 06,Agent 05
REQ-5046,Printer offline level 3,please look into this,Not Requested,Employee 2472,Manufacturing,2025-09-05 05:23:26,Open,Tech 06,Agent 02
REQ-5047,Requesting software install,please look into this,Not Requested,Employee 4490,Manufacturing,2025-09-01 18:07:56,Closed,Tech 02,Agent 01
REQ-5048,Add user to distribution list,"FYI, see thread below. <https://tracking.example-mailer.invalid/ls/click?upn=AAAAAAAAAAAAAAAAAAAAAAAAAAAAAAAAAAAAAAAAAAAAAAAAAAAAAAAAAAAAAAAAAAAAAAAAAAAAAAAAAAAAAAAAAAAAAAAAAAAAAAAAAAAAAAAAAAAAAAAAAAAAAAAAAAAAAAAAAAAAAAAAAAAAAAAAAAAAAAAAAAAAAAAAAAAAAAAAAAAAAAAAAAAAAAAAAAAAAAAAAAAAAAAAAAAAAAAAAAAA> [image] follow us on social. Service call returned an error: request channel timed out while waiting for a reply after 00:03:59. Increase the SendTimeout value on the binding. 2025-09-03 11:26:17 Contacts {A5006D7F-4CBB-F011-A9EB-000D3AD09F7D}",Not Requested,Employee 9549,Marketing,2025-09-05 03:40:40,Closed,Tech 03,Agent 04
REQ-5049,Printer offline level 3,please look into this,Not Requested,Employee 5288,HR,2025-09-01 22:32:31,Open,Tech 04,Agent 06
REQ-5050,Password reset needed,please look into this,Not Requested,Employee 5512,Finance,2025-09-02 07:01:13,Closed,Tech 06,Agent 03
REQ-5051,Password reset needed,"FYI, see thread below. <https://tracking.example-mailer.invalid/ls/click?upn=AAAAAAAAAAAAAAAAAAAAAAAAAAAAAAAAAAAAAAAAAAAAAAAAAAAAAAAAAAAAAAAAAAAAAAAAAAAAAAAAAAAAAAAAAAAAAAAAAAAAAAAAAAAAAAAAAAAAAAAAAAAAAAAAAAAAAAAAAAAAAAAAAAAAAAAAAAAAAAAAAAAAAAAAAAAAAAAAAAAAAAAAAAAAAAAAAAAAAAAAAAAAAAAAAAAAAAAAAAAA> [image] follow us on social. Service call returned an error: request channel timed out while waiting for a reply after 00:03:59. Increase the SendTimeout value on the binding. 2025-09-03 11:26:17 Contacts {A5006D7F-4CBB-F011-A9EB-000D3AD09F7D}",Not Requested,Employee 9290,Quality,2025-09-01 10:48:29,Open,Tech 03,Agent 05
REQ-5052,Weekly compliance report India,please look into this,Not Requested,Employee 6836,R&D,2025-09-06 06:49:37,Closed,Tech 06,Agent 04
REQ-5053,Weekly compliance report India,please look into this,Not Requested,Employee 9704,Marketing,2025-09-05 17:42:40,Closed,Tech 04,Agent 06
REQ-5054,Access removal request,"FYI, see thread below. <https://tracking.example-mailer.invalid/ls/click?upn=AAAAAAAAAAAAAAAAAAAAAAAAAAAAAAAAAAAAAAAAAAAAAAAAAAAAAAAAAAAAAAAAAAAAAAAAAAAAAAAAAAAAAAAAAAAAAAAAAAAAAAAAAAAAAAAAAAAAAAAAAAAAAAAAAAAAAAAAAAAAAAAAAAAAAAAAAAAAAAAAAAAAAAAAAAAAAAAAAAAAAAAAAAAAAAAAAAAAAAAAAAAAAAAAAAAAAAAAAAAA> [image] follow us on social. Service call returned an error: request channel timed out while waiting for a reply after 00:03:59. Increase the SendTimeout value on the binding. 2025-09-03 11:26:17 Contacts {A5006D7F-4CBB-F011-A9EB-000D3AD09F7D}",Not Requested,Employee 7852,Manufacturing,2025-09-06 02:54:54,On Hold,Tech 05,Agent 03
REQ-5055,New Ticket,please look into this,Not Requested,Employee 3217,Regulatory Affairs,2025-09-03 03:33:14,Closed,Tech 06,Agent 02
REQ-5056,Add user to distribution list,please look into this,Approved,Employee 3888,Field Sales,2025-09-06 14:31:11,Closed,Tech 04,Agent 04
REQ-5057,Weekly compliance report India,"FYI, see thread below. <https://tracking.example-mailer.invalid/ls/click?upn=AAAAAAAAAAAAAAAAAAAAAAAAAAAAAAAAAAAAAAAAAAAAAAAAAAAAAAAAAAAAAAAAAAAAAAAAAAAAAAAAAAAAAAAAAAAAAAAAAAAAAAAAAAAAAAAAAAAAAAAAAAAAAAAAAAAAAAAAAAAAAAAAAAAAAAAAAAAAAAAAAAAAAAAAAAAAAAAAAAAAAAAAAAAAAAAAAAAAAAAAAAAAAAAAAAAAAAAAAAAA> [image] follow us on social. Service call returned an error: request channel timed out while waiting for a reply after 00:03:59. Increase the SendTimeout value on the binding. 2025-09-03 11:26:17 Contacts {A5006D7F-4CBB-F011-A9EB-000D3AD09F7D}",Approved,Employee 6353,Field Sales,2025-09-01 19:35:54,On Hold,Tech 06,Agent 06
REQ-5058,Access removal request,please look into this,Not Requested,Employee 7484,R&D,2025-09-03 11:00:01,Closed,Tech 06,Agent 01
REQ-5059,Password reset needed,please look into this,Not Requested,Employee 6632,HR,2025-09-06 23:59:42,On Hold,Tech 02,Agent 03
REQ-5060,Requesting software install,"FYI, see thread below. <https://tracking.example-mailer.invalid/ls/click?upn=AAAAAAAAAAAAAAAAAAAAAAAAAAAAAAAAAAAAAAAAAAAAAAAAAAAAAAAAAAAAAAAAAAAAAAAAAAAAAAAAAAAAAAAAAAAAAAAAAAAAAAAAAAAAAAAAAAAAAAAAAAAAAAAAAAAAAAAAAAAAAAAAAAAAAAAAAAAAAAAAAAAAAAAAAAAAAAAAAAAAAAAAAAAAAAAAAAAAAAAAAAAAAAAAAAAAAAAAAAAA> [image] follow us on social. Service call returned an error: request channel timed out while waiting for a reply after 00:03:59. Increase the SendTimeout value on the binding. 2025-09-03 11:26:17 Contacts {A5006D7F-4CBB-F011-A9EB-000D3AD09F7D}",Not Requested,Employee 4526,Supply Chain,2025-09-02 13:08:34,On Hold,Tech 06,Agent 04
REQ-5061,Need code assistant access,please look into this,Approved,Employee 1438,HR,2025-09-05 03:12:47,On Hold,Tech 02,Agent 01
REQ-5062,Printer offline level 3,please look into this,Not Requested,Employee 9753,Supply Chain,2025-09-02 15:32:53,Closed,Tech 04,Agent 02
REQ-5063,Password reset needed,"FYI, see thread below. <https://tracking.example-mailer.invalid/ls/click?upn=AAAAAAAAAAAAAAAAAAAAAAAAAAAAAAAAAAAAAAAAAAAAAAAAAAAAAAAAAAAAAAAAAAAAAAAAAAAAAAAAAAAAAAAAAAAAAAAAAAAAAAAAAAAAAAAAAAAAAAAAAAAAAAAAAAAAAAAAAAAAAAAAAAAAAAAAAAAAAAAAAAAAAAAAAAAAAAAAAAAAAAAAAAAAAAAAAAAAAAAAAAAAAAAAAAAAAAAAAAAA> [image] follow us on social. Service call returned an error: request channel timed out while waiting for a reply after 00:03:59. Increase the SendTimeout value on the binding. 2025-09-03 11:26:17 Contacts {A5006D7F-4CBB-F011-A9EB-000D3AD09F7D}",Approved,Employee 8153,Supply Chain,2025-09-01 08:38:02,On Hold,Tech 02,Agent 05
REQ-5064,Password reset needed,please look into this,Not Requested,Employee 4742,HR,2025-09-05 20:25:45,Closed,Tech 04,Agent 02
REQ-5065,Requesting software install,please look into this,Approved,Employee 5340,Marketing,2025-09-03 22:54:01,Closed,Tech 05,Agent 02
REQ-5066,Requesting software install,"FYI, see thread below. <https://tracking.example-mailer.invalid/ls/click?upn=AAAAAAAAAAAAAAAAAAAAAAAAAAAAAAAAAAAAAAAAAAAAAAAAAAAAAAAAAAAAAAAAAAAAAAAAAAAAAAAAAAAAAAAAAAAAAAAAAAAAAAAAAAAAAAAAAAAAAAAAAAAAAAAAAAAAAAAAAAAAAAAAAAAAAAAAAAAAAAAAAAAAAAAAAAAAAAAAAAAAAAAAAAAAAAAAAAAAAAAAAAAAAAAAAAAAAAAAAAAA> [image] follow us on social. Service call returned an error: request channel timed out while waiting for a reply after 00:03:59. Increase the SendTimeout value on the binding. 2025-09-03 11:26:17 Contacts {A5006D7F-4CBB-F011-A9EB-000D3AD09F7D}",Not Requested,Employee 6264,Regulatory Affairs,2025-09-02 09:20:48,Closed,Tech 03,Agent 05
REQ-5067,Email id creation for new joinees,please look into this,Not Requested,Employee 6741,Regulatory Affairs,2025-09-04 01:53:50,Closed,Tech 03,Agent 01
REQ-5068,VPN not connecting,please look into this,Not Requested,Employee 4441,R&D,2025-09-01 06:28:20,Closed,Tech 03,Agent 06
REQ-5069,Requesting software install,"FYI, see thread below. <https://tracking.example-mailer.invalid/ls/click?upn=AAAAAAAAAAAAAAAAAAAAAAAAAAAAAAAAAAAAAAAAAAAAAAAAAAAAAAAAAAAAAAAAAAAAAAAAAAAAAAAAAAAAAAAAAAAAAAAAAAAAAAAAAAAAAAAAAAAAAAAAAAAAAAAAAAAAAAAAAAAAAAAAAAAAAAAAAAAAAAAAAAAAAAAAAAAAAAAAAAAAAAAAAAAAAAAAAAAAAAAAAAAAAAAAAAAAAAAAAAAA> [image] follow us on social. Service call returned an error: request channel timed out while waiting for a reply after 00:03:59. Increase the SendTimeout value on the binding. 2025-09-03 11:26:17 Contacts {A5006D7F-4CBB-F011-A9EB-000D3AD09F7D}",Not Requested,Employee 5184,Manufacturing,2025-09-04 09:55:03,Open,Tech 02,Agent 04
REQ-5070,Weekly compliance report India,please look into this,Not Requested,Employee 9739,Regulatory Affairs,2025-09-02 17:10:00,Closed,Tech 05,Agent 03
REQ-5071,New Ticket,please look into this,Not Requested,Employee 3575,Finance,2025-09-01 14:31:36,Transfer to Infra,Tech 06,Agent 01
REQ-5072,Printer offline level 3,"FYI, see thread below. <https://tracking.example-mailer.invalid/ls/click?upn=AAAAAAAAAAAAAAAAAAAAAAAAAAAAAAAAAAAAAAAAAAAAAAAAAAAAAAAAAAAAAAAAAAAAAAAAAAAAAAAAAAAAAAAAAAAAAAAAAAAAAAAAAAAAAAAAAAAAAAAAAAAAAAAAAAAAAAAAAAAAAAAAAAAAAAAAAAAAAAAAAAAAAAAAAAAAAAAAAAAAAAAAAAAAAAAAAAAAAAAAAAAAAAAAAAAAAAAAAAAA> [image] follow us on social. Service call returned an error: request channel timed out while waiting for a reply after 00:03:59. Increase the SendTimeout value on the binding. 2025-09-03 11:26:17 Contacts {A5006D7F-4CBB-F011-A9EB-000D3AD09F7D}",Not Requested,Employee 5959,Finance,2025-09-06 00:47:22,Closed,Tech 02,Agent 01
REQ-5073,Email id creation for new joinees,please look into this,Not Requested,Employee 6552,Quality,2025-09-03 08:13:01,Open,Tech 03,Agent 03
REQ-5074,New Ticket,please look into this,Not Requested,Employee 3677,Field Sales,2025-09-02 18:54:54,On Hold,Tech 06,Agent 03
REQ-5075,VPN not connecting,"FYI, see thread below. <https://tracking.example-mailer.invalid/ls/click?upn=AAAAAAAAAAAAAAAAAAAAAAAAAAAAAAAAAAAAAAAAAAAAAAAAAAAAAAAAAAAAAAAAAAAAAAAAAAAAAAAAAAAAAAAAAAAAAAAAAAAAAAAAAAAAAAAAAAAAAAAAAAAAAAAAAAAAAAAAAAAAAAAAAAAAAAAAAAAAAAAAAAAAAAAAAAAAAAAAAAAAAAAAAAAAAAAAAAAAAAAAAAAAAAAAAAAAAAAAAAAA> [image] follow us on social. Service call returned an error: request channel timed out while waiting for a reply after 00:03:59. Increase the SendTimeout value on the binding. 2025-09-03 11:26:17 Contacts {A5006D7F-4CBB-F011-A9EB-000D3AD09F7D}",Approved,Employee 9084,Finance,2025-09-03 09:38:18,Closed,Tech 06,Agent 04
REQ-5076,Need code assistant access,please look into this,Not Requested,Employee 7132,IT,2025-09-02 02:24:56,Closed,Tech 05,Agent 02
REQ-5077,Laptop replacement,please look into this,Not Requested,Employee 1564,Supply Chain,2025-09-03 09:34:16,Closed,Tech 03,Agent 05
REQ-5078,Add user to distribution list,"FYI, see thread below. <https://tracking.example-mailer.invalid/ls/click?upn=AAAAAAAAAAAAAAAAAAAAAAAAAAAAAAAAAAAAAAAAAAAAAAAAAAAAAAAAAAAAAAAAAAAAAAAAAAAAAAAAAAAAAAAAAAAAAAAAAAAAAAAAAAAAAAAAAAAAAAAAAAAAAAAAAAAAAAAAAAAAAAAAAAAAAAAAAAAAAAAAAAAAAAAAAAAAAAAAAAAAAAAAAAAAAAAAAAAAAAAAAAAAAAAAAAAAAAAAAAAA> [image] follow us on social. Service call returned an error: request channel timed out while waiting for a reply after 00:03:59. Increase the SendTimeout value on the binding. 2025-09-03 11:26:17 Contacts {A5006D7F-4CBB-F011-A9EB-000D3AD09F7D}",Not Requested,Employee 8648,Marketing,2025-09-03 00:23:00,On Hold,Tech 01,Agent 01
REQ-5079,Requesting software install,please look into this,Not Requested,Employee 4027,Regulatory Affairs,2025-09-02 18:57:53,Transfer to Infra,Tech 03,Agent 04
REQ-5080,System slow after patch,please look into this,Not Requested,Employee 4873,HR,2025-09-03 16:39:42,Transfer to Infra,Tech 04,Agent 06
REQ-5081,Add user to distribution list,"FYI, see thread below. <https://tracking.example-mailer.invalid/ls/click?upn=AAAAAAAAAAAAAAAAAAAAAAAAAAAAAAAAAAAAAAAAAAAAAAAAAAAAAAAAAAAAAAAAAAAAAAAAAAAAAAAAAAAAAAAAAAAAAAAAAAAAAAAAAAAAAAAAAAAAAAAAAAAAAAAAAAAAAAAAAAAAAAAAAAAAAAAAAAAAAAAAAAAAAAAAAAAAAAAAAAAAAAAAAAAAAAAAAAAAAAAAAAAAAAAAAAAAAAAAAAAA> [image] follow us on social. Service call returned an error: request channel timed out while waiting for a reply after 00:03:59. Increase the SendTimeout value on the binding. 2025-09-03 11:26:17 Contacts {A5006D7F-4CBB-F011-A9EB-000D3AD09F7D}",Not Requested,Employee 5226,Quality,2025-09-04 00:17:14,On Hold,Tech 01,Agent 05
REQ-5082,Add user to distribution list,please look into this,Not Requested,Employee 5321,Marketing,2025-09-03 00:17:19,Closed,Tech 03,Agent 01
REQ-5083,Access removal request,please look into this,Not Requested,Employee 6526,IT,2025-09-03 15:39:32,On Hold,Tech 06,Agent 06
REQ-5084,Need code assistant access,"FYI, see thread below. <https://tracking.example-mailer.invalid/ls/click?upn=AAAAAAAAAAAAAAAAAAAAAAAAAAAAAAAAAAAAAAAAAAAAAAAAAAAAAAAAAAAAAAAAAAAAAAAAAAAAAAAAAAAAAAAAAAAAAAAAAAAAAAAAAAAAAAAAAAAAAAAAAAAAAAAAAAAAAAAAAAAAAAAAAAAAAAAAAAAAAAAAAAAAAAAAAAAAAAAAAAAAAAAAAAAAAAAAAAAAAAAAAAAAAAAAAAAAAAAAAAAA> [image] follow us on social. Service call returned an error: request channel timed out while waiting for a reply after 00:03:59. Increase the SendTimeout value on the binding. 2025-09-03 11:26:17 Contacts {A5006D7F-4CBB-F011-A9EB-000D3AD09F7D}",Approved,Employee 3143,Finance,2025-09-06 11:41:11,Closed,Tech 06,Agent 03
REQ-5085,Weekly compliance report India,please look into this,Not Requested,Employee 1633,Finance,2025-09-04 20:18:45,On Hold,Tech 06,Agent 05
REQ-5086,Weekly compliance report India,please look into this,Not Requested,Employee 8026,Marketing,2025-09-01 06:08:32,Closed,Tech 06,Agent 02
REQ-5087,Requesting software install,"FYI, see thread below. <https://tracking.example-mailer.invalid/ls/click?upn=AAAAAAAAAAAAAAAAAAAAAAAAAAAAAAAAAAAAAAAAAAAAAAAAAAAAAAAAAAAAAAAAAAAAAAAAAAAAAAAAAAAAAAAAAAAAAAAAAAAAAAAAAAAAAAAAAAAAAAAAAAAAAAAAAAAAAAAAAAAAAAAAAAAAAAAAAAAAAAAAAAAAAAAAAAAAAAAAAAAAAAAAAAAAAAAAAAAAAAAAAAAAAAAAAAAAAAAAAAAA> [image] follow us on social. Service call returned an error: request channel timed out while waiting for a reply after 00:03:59. Increase the SendTimeout value on the binding. 2025-09-03 11:26:17 Contacts {A5006D7F-4CBB-F011-A9EB-000D3AD09F7D}",Not Requested,Employee 4335,Supply Chain,2025-09-04 19:56:16,Closed,Tech 04,Agent 06
REQ-5088,Add user to distribution list,please look into this,Not Requested,Employee 2679,Supply Chain,2025-09-02 10:59:54,Transfer to Infra,Tech 04,Agent 03
REQ-5089,System slow after patch,please look into this,Not Requested,Employee 9517,R&D,2025-09-05 20:00:47,Closed,Tech 03,Agent 01
REQ-5090,Laptop replacement,"FYI, see thread below. <https://tracking.example-mailer.invalid/ls/click?upn=AAAAAAAAAAAAAAAAAAAAAAAAAAAAAAAAAAAAAAAAAAAAAAAAAAAAAAAAAAAAAAAAAAAAAAAAAAAAAAAAAAAAAAAAAAAAAAAAAAAAAAAAAAAAAAAAAAAAAAAAAAAAAAAAAAAAAAAAAAAAAAAAAAAAAAAAAAAAAAAAAAAAAAAAAAAAAAAAAAAAAAAAAAAAAAAAAAAAAAAAAAAAAAAAAAAAAAAAAAAA> [image] follow us on social. Service call returned an error: request channel timed out while waiting for a reply after 00:03:59. Increase the SendTimeout value on the binding. 2025-09-03 11:26:17 Contacts {A5006D7F-4CBB-F011-A9EB-000D3AD09F7D}",Not Requested,Employee 8531,IT,2025-09-04 15:09:37,Closed,Tech 04,Agent 05
REQ-5091,Access removal request,please look into this,Not Requested,Employee 4246,Regulatory Affairs,2025-09-03 04:00:41,Closed,Tech 05,Agent 02
REQ-5092,Need code assistant access,please look into this,Approved,Employee 9948,Supply Chain,2025-09-03 07:57:07,Closed,Tech 04,Agent 02
REQ-5093,Add user to distribution list,"FYI, see thread below. <https://tracking.example-mailer.invalid/ls/click?upn=AAAAAAAAAAAAAAAAAAAAAAAAAAAAAAAAAAAAAAAAAAAAAAAAAAAAAAAAAAAAAAAAAAAAAAAAAAAAAAAAAAAAAAAAAAAAAAAAAAAAAAAAAAAAAAAAAAAAAAAAAAAAAAAAAAAAAAAAAAAAAAAAAAAAAAAAAAAAAAAAAAAAAAAAAAAAAAAAAAAAAAAAAAAAAAAAAAAAAAAAAAAAAAAAAAAAAAAAAAAA> [image] follow us on social. Service call returned an error: request channel timed out while waiting for a reply after 00:03:59. Increase the SendTimeout value on the binding. 2025-09-03 11:26:17 Contacts {A5006D7F-4CBB-F011-A9EB-000D3AD09F7D}",Not Requested,Employee 7268,Finance,2025-09-03 13:02:17,On Hold,Tech 04,Agent 01
REQ-5094,Email id creation for new joinees,please look into this,Not Requested,Employee 3938,Quality,2025-09-02 06:54:06,Closed,Tech 06,Agent 05
REQ-5095,Laptop replacement,please look into this,Not Requested,Employee 5722,Quality,2025-09-01 14:11:07,Closed,Tech 02,Agent 03
REQ-5096,Add user to distribution list,"FYI, see thread below. <https://tracking.example-mailer.invalid/ls/click?upn=AAAAAAAAAAAAAAAAAAAAAAAAAAAAAAAAAAAAAAAAAAAAAAAAAAAAAAAAAAAAAAAAAAAAAAAAAAAAAAAAAAAAAAAAAAAAAAAAAAAAAAAAAAAAAAAAAAAAAAAAAAAAAAAAAAAAAAAAAAAAAAAAAAAAAAAAAAAAAAAAAAAAAAAAAAAAAAAAAAAAAAAAAAAAAAAAAAAAAAAAAAAAAAAAAAAAAAAAAAAA> [image] follow us on social. Service call returned an error: request channel timed out while waiting for a reply after 00:03:59. Increase the SendTimeout value on the binding. 2025-09-03 11:26:17 Contacts {A5006D7F-4CBB-F011-A9EB-000D3AD09F7D}",Not Requested,Employee 1665,HR,2025-09-04 06:23:58,Closed,Tech 06,Agent 03
REQ-5097,Requesting software install,please look into this,Not Requested,Employee 3880,Regulatory Affairs,2025-09-03 03:50:31,Open,Tech 04,Agent 06
REQ-5098,Laptop replacement,please look into this,Not Requested,Employee 6966,Supply Chain,2025-09-03 06:25:02,Closed,Tech 04,Agent 05
REQ-5099,Laptop replacement,"FYI, see thread below. <https://tracking.example-mailer.invalid/ls/click?upn=AAAAAAAAAAAAAAAAAAAAAAAAAAAAAAAAAAAAAAAAAAAAAAAAAAAAAAAAAAAAAAAAAAAAAAAAAAAAAAAAAAAAAAAAAAAAAAAAAAAAAAAAAAAAAAAAAAAAAAAAAAAAAAAAAAAAAAAAAAAAAAAAAAAAAAAAAAAAAAAAAAAAAAAAAAAAAAAAAAAAAAAAAAAAAAAAAAAAAAAAAAAAAAAAAAAAAAAAAAAA> [image] follow us on social. Service call returned an error: request channel timed out while waiting for a reply after 00:03:59. Increase the SendTimeout value on the binding. 2025-09-03 11:26:17 Contacts {A5006D7F-4CBB-F011-A9EB-000D3AD09F7D}",Not Requested,Employee 7571,R&D,2025-09-04 15:23:58,Closed,Tech 01,Agent 05
REQ-5100,System slow after patch,please look into this,Cancelled,Employee 7825,Field Sales,2025-09-03 23:28:46,Transfer to Infra,Tech 02,Agent 06
REQ-5101,Weekly compliance report India,please look into this,Approved,Employee 2426,R&D,2025-09-02 22:03:48,Closed,Tech 03,Agent 05
REQ-5102,Email id creation for new joinees,"FYI, see thread below. <https://tracking.example-mailer.invalid/ls/click?upn=AAAAAAAAAAAAAAAAAAAAAAAAAAAAAAAAAAAAAAAAAAAAAAAAAAAAAAAAAAAAAAAAAAAAAAAAAAAAAAAAAAAAAAAAAAAAAAAAAAAAAAAAAAAAAAAAAAAAAAAAAAAAAAAAAAAAAAAAAAAAAAAAAAAAAAAAAAAAAAAAAAAAAAAAAAAAAAAAAAAAAAAAAAAAAAAAAAAAAAAAAAAAAAAAAAAAAAAAAAAA> [image] follow us on social. Service call returned an error: request channel timed out while waiting for a reply after 00:03:59. Increase the SendTimeout value on the binding. 2025-09-03 11:26:17 Contacts {A5006D7F-4CBB-F011-A9EB-000D3AD09F7D}",Not Requested,Employee 2117,HR,2025-09-01 01:40:29,On Hold,Tech 04,Agent 01
REQ-5103,Laptop replacement,please look into this,Not Requested,Employee 4109,Supply Chain,2025-09-02 10:54:12,Closed,Tech 04,Agent 01
REQ-5104,Email id creation for new joinees,please look into this,Not Requested,Employee 7893,IT,2025-09-02 13:10:57,Closed,Tech 01,Agent 06
REQ-5105,Weekly compliance report India,"FYI, see thread below. <https://tracking.example-mailer.invalid/ls/click?upn=AAAAAAAAAAAAAAAAAAAAAAAAAAAAAAAAAAAAAAAAAAAAAAAAAAAAAAAAAAAAAAAAAAAAAAAAAAAAAAAAAAAAAAAAAAAAAAAAAAAAAAAAAAAAAAAAAAAAAAAAAAAAAAAAAAAAAAAAAAAAAAAAAAAAAAAAAAAAAAAAAAAAAAAAAAAAAAAAAAAAAAAAAAAAAAAAAAAAAAAAAAAAAAAAAAAAAAAAAAAA> [image] follow us on social. Service call returned an error: request channel timed out while waiting for a reply after 00:03:59. Increase the SendTimeout value on the binding. 2025-09-03 11:26:17 Contacts {A5006D7F-4CBB-F011-A9EB-000D3AD09F7D}",Not Requested,Employee 1197,HR,2025-09-01 07:36:17,Closed,Tech 05,Agent 03
REQ-5106,VPN not connecting,please look into this,Not Requested,Employee 8277,Regulatory Affairs,2025-09-02 03:29:04,Closed,Tech 06,Agent 04
REQ-5107,VPN not connecting,please look into this,Not Requested,Employee 8601,Field Sales,2025-09-02 10:47:47,Open,Tech 05,Agent 03
REQ-5108,Weekly compliance report India,"FYI, see thread below. <https://tracking.example-mailer.invalid/ls/click?upn=AAAAAAAAAAAAAAAAAAAAAAAAAAAAAAAAAAAAAAAAAAAAAAAAAAAAAAAAAAAAAAAAAAAAAAAAAAAAAAAAAAAAAAAAAAAAAAAAAAAAAAAAAAAAAAAAAAAAAAAAAAAAAAAAAAAAAAAAAAAAAAAAAAAAAAAAAAAAAAAAAAAAAAAAAAAAAAAAAAAAAAAAAAAAAAAAAAAAAAAAAAAAAAAAAAAAAAAAAAAA> [image] follow us on social. Service call returned an error: request channel timed out while waiting for a reply after 00:03:59. Increase the SendTimeout value on the binding. 2025-09-03 11:26:17 Contacts {A5006D7F-4CBB-F011-A9EB-000D3AD09F7D}",Not Requested,Employee 4957,Regulatory Affairs,2025-09-01 07:46:16,Closed,Tech 01,Agent 01
REQ-5109,Access removal request,please look into this,Not Requested,Employee 4420,Quality,2025-09-02 02:15:34,Closed,Tech 04,Agent 01
REQ-5110,Password reset needed,please look into this,Not Requested,Employee 6555,Field Sales,2025-09-04 10:37:25,Closed,Tech 01,Agent 06
REQ-5111,Requesting software install,"FYI, see thread below. <https://tracking.example-mailer.invalid/ls/click?upn=AAAAAAAAAAAAAAAAAAAAAAAAAAAAAAAAAAAAAAAAAAAAAAAAAAAAAAAAAAAAAAAAAAAAAAAAAAAAAAAAAAAAAAAAAAAAAAAAAAAAAAAAAAAAAAAAAAAAAAAAAAAAAAAAAAAAAAAAAAAAAAAAAAAAAAAAAAAAAAAAAAAAAAAAAAAAAAAAAAAAAAAAAAAAAAAAAAAAAAAAAAAAAAAAAAAAAAAAAAAA> [image] follow us on social. Service call returned an error: request channel timed out while waiting for a reply after 00:03:59. Increase the SendTimeout value on the binding. 2025-09-03 11:26:17 Contacts {A5006D7F-4CBB-F011-A9EB-000D3AD09F7D}",Approved,Employee 8873,Regulatory Affairs,2025-09-03 11:22:59,On Hold,Tech 04,Agent 04
REQ-5112,VPN not connecting,please look into this,Not Requested,Employee 2734,HR,2025-09-06 10:41:48,Closed,Tech 05,Agent 01
REQ-5113,Requesting software install,please look into this,Not Requested,Employee 3996,Manufacturing,2025-09-01 17:52:27,Closed,Tech 02,Agent 05
REQ-5114,VPN not connecting,"FYI, see thread below. <https://tracking.example-mailer.invalid/ls/click?upn=AAAAAAAAAAAAAAAAAAAAAAAAAAAAAAAAAAAAAAAAAAAAAAAAAAAAAAAAAAAAAAAAAAAAAAAAAAAAAAAAAAAAAAAAAAAAAAAAAAAAAAAAAAAAAAAAAAAAAAAAAAAAAAAAAAAAAAAAAAAAAAAAAAAAAAAAAAAAAAAAAAAAAAAAAAAAAAAAAAAAAAAAAAAAAAAAAAAAAAAAAAAAAAAAAAAAAAAAAAAA> [image] follow us on social. Service call returned an error: request channel timed out while waiting for a reply after 00:03:59. Increase the SendTimeout value on the binding. 2025-09-03 11:26:17 Contacts {A5006D7F-4CBB-F011-A9EB-000D3AD09F7D}",Not Requested,Employee 8100,IT,2025-09-04 08:47:47,Closed,Tech 01,Agent 03
REQ-5115,System slow after patch,please look into this,Approved,Employee 1819,Manufacturing,2025-09-06 21:39:25,Closed,Tech 02,Agent 02
REQ-5116,Email id creation for new joinees,please look into this,Not Requested,Employee 7439,Finance,2025-09-05 22:20:43,Open,Tech 05,Agent 03
REQ-5117,Printer offline level 3,"FYI, see thread below. <https://tracking.example-mailer.invalid/ls/click?upn=AAAAAAAAAAAAAAAAAAAAAAAAAAAAAAAAAAAAAAAAAAAAAAAAAAAAAAAAAAAAAAAAAAAAAAAAAAAAAAAAAAAAAAAAAAAAAAAAAAAAAAAAAAAAAAAAAAAAAAAAAAAAAAAAAAAAAAAAAAAAAAAAAAAAAAAAAAAAAAAAAAAAAAAAAAAAAAAAAAAAAAAAAAAAAAAAAAAAAAAAAAAAAAAAAAAAAAAAAAAA> [image] follow us on social. Service call returned an error: request channel timed out while waiting for a reply after 00:03:59. Increase the SendTimeout value on the binding. 2025-09-03 11:26:17 Contacts {A5006D7F-4CBB-F011-A9EB-000D3AD09F7D}",Not Requested,Employee 3124,Finance,2025-09-05 07:50:16,On Hold,Tech 06,Agent 02
REQ-5118,VPN not connecting,please look into this,Not Requested,Employee 3083,HR,2025-09-04 07:24:39,Closed,Tech 02,Agent 01
REQ-5119,Requesting software install,please look into this,Not Requested,Employee 7012,Marketing,2025-09-06 05:22:11,On Hold,Tech 03,Agent 04
REQ-5120,Email id creation for new joinees,"FYI, see thread below. <https://tracking.example-mailer.invalid/ls/click?upn=AAAAAAAAAAAAAAAAAAAAAAAAAAAAAAAAAAAAAAAAAAAAAAAAAAAAAAAAAAAAAAAAAAAAAAAAAAAAAAAAAAAAAAAAAAAAAAAAAAAAAAAAAAAAAAAAAAAAAAAAAAAAAAAAAAAAAAAAAAAAAAAAAAAAAAAAAAAAAAAAAAAAAAAAAAAAAAAAAAAAAAAAAAAAAAAAAAAAAAAAAAAAAAAAAAAAAAAAAAAA> [image] follow us on social. Service call returned an error: request channel timed out while waiting for a reply after 00:03:59. Increase the SendTimeout value on the binding. 2025-09-03 11:26:17 Contacts {A5006D7F-4CBB-F011-A9EB-000D3AD09F7D}",Approved,Employee 4614,HR,2025-09-06 11:39:14,Closed,Tech 06,Agent 01
