Ticket Id,Subject,Description,Category,Sub Category,Status,Priority,Created Time,Resolved Time,Group,Requester Name,Department,Location
HR-40159,Medical insurance card not received,Medical insurance card not received. Employee raised via HR portal.,Benefits & Medical Insurance,,Closed,P2 - High,19/09/2025 06:25,25/09/2025 16:39,Payroll Team,Employee 2506,HR,Plant A
HR-40242,Bank account update for salary credit,Bank account update for salary credit. Employee raised via HR portal.,Employee Data Updates,,On Hold,P2 - High,20/09/2025 21:15,,Payroll Team,Employee 6965,Regulatory Affairs,Plant B
HR-40227,Experience certificate request,Experience certificate request. Employee raised via HR portal.,Letters & Certificates,,On Hold,P3 - Medium,07/07/2025 19:59,,Payroll Team,Employee 5116,Quality,Plant B
HR-40003,Payslip not available for June,Payslip not available for June. Employee raised via HR portal.,Payroll & Compensation,,Resolved,P2 - High,17/08/2025 14:33,20/08/2025 10:38,HR Helpdesk,Employee 1884,R&D,Plant B
HR-40332,Reimbursement claim rejected without reason,Reimbursement claim rejected without reason. Employee raised via HR portal.,Reimbursements & Expenses,,Closed,P2 - High,12/07/2025 06:33,15/07/2025 14:03,HR Helpdesk,Employee 3940,Manufacturing,Region South
HR-40196,Add dependent to insurance policy,Add dependent to insurance policy. Employee raised via HR portal.,Benefits & Medical Insurance,,Closed,P2 - High,24/09/2025 16:23,29/09/2025 23:56,Payroll Team,Employee 7178,Manufacturing,Region North
HR-40329,Reimbursement claim rejected without reason,Reimbursement claim rejected without reason. Employee raised via HR portal.,Reimbursements & Expenses,,Closed,P3 - Medium,01/09/2025 00:09,05/09/2025 21:38,Payroll Team,Employee 4064,Field Sales,Region South
HR-40138,PF transfer status,PF transfer status. Employee raised via HR portal.,PF/Investment/Tax,,Closed,P4 - Low,30/07/2025 04:02,02/08/2025 11:28,HR Helpdesk,Employee 1904,Finance,Plant B
HR-40330,Reimbursement claim rejected without reason,Reimbursement claim rejected without reason. Employee raised via HR portal.,Reimbursements & Expenses,,Resolved,P3 - Medium,22/07/2025 02:12,25/07/2025 05:06,Payroll Team,Employee 1049,HR,HQ
HR-40120,Attendance regularization pending manager approval,Attendance regularization pending manager approval. Employee raised via HR portal.,Attendance & Leave,,On Hold,P4 - Low,09/08/2025 12:42,,HR Helpdesk,Employee 6910,Manufacturing,Plant B
HR-40181,Add dependent to insurance policy,Add dependent to insurance policy. Employee raised via HR portal.,Benefits & Medical Insurance,,Closed,P4 - Low,08/07/2025 11:23,14/07/2025 18:58,Payroll Team,Employee 2512,IT,Plant A
HR-40145,Tax declaration window reopen request,Tax declaration window reopen request. Employee raised via HR portal.,PF/Investment/Tax,,Closed,P2 - High,19/09/2025 06:32,23/09/2025 21:59,Benefits Team,Employee 3914,HR,Plant B
HR-40119,Attendance regularization pending manager approval,Attendance regularization pending manager approval. Employee raised via HR portal.,Attendance & Leave,,On Hold,P4 - Low,21/09/2025 06:21,,Benefits Team,Employee 7942,IT,Plant B
HR-40320,Reimbursement claim rejected without reason,Reimbursement claim rejected without reason. Employee raised via HR portal.,Reimbursements & Expenses,,On Hold,P4 - Low,08/09/2025 07:50,,HR Helpdesk,Employee 1553,HR,Region West
HR-40075,Leave balance incorrect after regularization,Leave balance incorrect after regularization. Employee raised via HR portal.,Attendance & Leave,,Closed,P4 - Low,19/09/2025 21:41,20/09/2025 08:45,Benefits Team,Employee 4248,Manufacturing,Region West
HR-40174,Medical insurance card not received,Medical insurance card not received. Employee raised via HR portal.,Benefits & Medical Insurance,,Closed,P2 - High,04/07/2025 05:06,07/07/2025 21:02,Payroll Team,Employee 1136,HR,Region South
HR-40014,Payslip not available for June,Payslip not available for June. Employee raised via HR portal.,Payroll & Compensation,,On Hold,P2 - High,12/09/2025 20:06,,Benefits Team,Employee 9425,Field Sales,Region North
HR-40017,Payslip not available for June,Payslip not available for June. Employee raised via HR portal.,Payroll & Compensation,,Open,P3 - Medium,27/08/2025 12:25,,Benefits Team,Employee 7967,Regulatory Affairs,Plant B
HR-40203,Employment letter for visa application,Employment letter for visa application. Employee raised via HR portal.,Letters & Certificates,,Closed,P3 - Medium,28/09/2025 21:05,02/10/2025 17:48,Benefits Team,Employee 9547,Marketing,Region North
HR-40070,Leave balance incorrect after regularization,Leave balance incorrect after regularization. Employee raised via HR portal.,Attendance & Leave,,Closed,P3 - Medium,16/07/2025 01:07,16/07/2025 18:10,Benefits Team,Employee 6787,IT,Region South
HR-40239,Bank account update for salary credit,Bank account update for salary credit. Employee raised via HR portal.,Employee Data Updates,,Closed,P3 - Medium,09/07/2025 03:19,12/07/2025 01:42,HR Helpdesk,Employee 4584,Field Sales,Plant B
HR-40133,PF transfer status,PF transfer status. Employee raised via HR portal.,PF/Investment/Tax,,Closed,P4 - Low,18/08/2025 16:47,23/08/2025 02:50,Payroll Team,Employee 3842,Quality,Region South
HR-40162,Medical insurance card not received,Medical insurance card not received. Employee raised via HR portal.,Benefits & Medical Insurance,,Closed,P3 - Medium,18/09/2025 07:16,24/09/2025 02:31,Payroll Team,Employee 6099,R&D,Region North
HR-40010,Payslip not available for June,Payslip not available for June. Employee raised via HR portal.,Payroll & Compensation,,Resolved,P3 - Medium,13/09/2025 16:52,14/09/2025 07:07,HR Helpdesk,Employee 2662,Supply Chain,Plant B
HR-40013,Payslip not available for June,Payslip not available for June. Employee raised via HR portal.,Payroll & Compensation,,Closed,P4 - Low,03/09/2025 07:25,04/09/2025 17:56,HR Helpdesk,Employee 3500,Supply Chain,Plant A
HR-40012,Payslip not available for June,Payslip not available for June. Employee raised via HR portal.,Payroll & Compensation,,Closed,P4 - Low,21/07/2025 11:40,22/07/2025 12:20,HR Helpdesk,Employee 9389,Regulatory Affairs,HQ
HR-40212,Employment letter for visa application,Employment letter for visa application. Employee raised via HR portal.,Letters & Certificates,,Closed,P4 - Low,27/07/2025 14:42,28/07/2025 21:01,Benefits Team,Employee 7573,Manufacturing,Plant B
HR-40058,Salary component query,Salary component query. Employee raised via HR portal.,Payroll & Compensation,,Closed,P3 - Medium,17/09/2025 01:17,18/09/2025 20:53,Payroll Team,Employee 8347,IT,HQ
HR-40287,Onboarding documents upload failing,Onboarding documents upload failing. Employee raised via HR portal.,Onboarding & Offboarding,,Open,P4 - Low,09/08/2025 20:39,,Benefits Team,Employee 6726,HR,HQ
HR-40248,Bank account update for salary credit,Bank account update for salary credit. Employee raised via HR portal.,Employee Data Updates,,Open,P3 - Medium,18/09/2025 13:07,,Benefits Team,Employee 9831,R&D,Plant B
HR-40125,PF transfer status,PF transfer status. Employee raised via HR portal.,PF/Investment/Tax,,Closed,P3 - Medium,05/09/2025 02:40,14/09/2025 15:56,Payroll Team,Employee 6078,IT,Plant A
HR-40106,Attendance regularization pending manager approval,Attendance regularization pending manager approval. Employee raised via HR portal.,Attendance & Leave,,Closed,P4 - Low,26/07/2025 16:33,31/07/2025 20:56,HR Helpdesk,Employee 6065,Supply Chain,Region North
HR-40293,ID card reissue,ID card reissue. Employee raised via HR portal.,ID Cards & Access,,On Hold,P4 - Low,27/08/2025 06:11,,HR Helpdesk,Employee 4050,IT,HQ
HR-40016,Payslip not available for June,Payslip not available for June. Employee raised via HR portal.,Payroll & Compensation,,Closed,P4 - Low,03/09/2025 03:37,03/09/2025 13:00,Payroll Team,Employee 5945,Regulatory Affairs,Region North
HR-40204,Employment letter for visa application,Employment letter for visa application. Employee raised via HR portal.,Letters & Certificates,,Closed,P4 - Low,15/07/2025 00:18,18/07/2025 20:12,HR Helpdesk,Employee 4806,Supply Chain,Region South
HR-40163,Medical insurance card not received,Medical insurance card not received. Employee raised via HR portal.,Benefits & Medical Insurance,,Closed,P3 - Medium,22/08/2025 07:32,28/08/2025 09:05,HR Helpdesk,Employee 5666,R&D,HQ
HR-40109,Attendance regularization pending manager approval,Attendance regularization pending manager approval. Employee raised via HR portal.,Attendance & Leave,,Closed,P3 - Medium,30/07/2025 12:27,05/08/2025 17:59,HR Helpdesk,Employee 7763,HR,Plant B
HR-40277,Onboarding documents upload failing,Onboarding documents upload failing. Employee raised via HR portal.,Onboarding & Offboarding,,Closed,P2 - High,16/07/2025 01:33,18/07/2025 01:25,HR Helpdesk,Employee 3382,Marketing,Region West
HR-40126,PF transfer status,PF transfer status. Employee raised via HR portal.,PF/Investment/Tax,,Closed,P4 - Low,01/07/2025 11:26,04/07/2025 13:50,Benefits Team,Employee 8034,Marketing,Region West
HR-40046,Salary component query,Salary component query. Employee raised via HR portal.,Payroll & Compensation,,Resolved,P3 - Medium,06/07/2025 12:13,08/07/2025 17:20,Payroll Team,Employee 9228,Marketing,Plant B
HR-40021,Payslip not available for June,Payslip not available for June. Employee raised via HR portal.,Payroll & Compensation,,Open,P2 - High,18/08/2025 03:48,,Payroll Team,Employee 5365,Finance,Plant A
HR-40309,HR app login not working,HR app login not working. Employee raised via HR portal.,HR App/Tech Support,,On Hold,P3 - Medium,13/07/2025 17:24,,HR Helpdesk,Employee 2213,HR,Region North
HR-40038,Salary component query,Salary component query. Employee raised via HR portal.,Payroll & Compensation,,Closed,P4 - Low,06/07/2025 06:34,06/07/2025 16:20,Benefits Team,Employee 1039,Field Sales,Region North
HR-40205,Employment letter for visa application,Employment letter for visa application. Employee raised via HR portal.,Letters & Certificates,,Closed,P3 - Medium,25/08/2025 05:38,28/08/2025 07:52,HR Helpdesk,Employee 3699,Supply Chain,Region North
HR-40110,Attendance regularization pending manager approval,Attendance regularization pending manager approval. Employee raised via HR portal.,Attendance & Leave,,Closed,P4 - Low,06/07/2025 04:55,09/07/2025 20:26,HR Helpdesk,Employee 5246,Finance,Region North
HR-40100,Attendance regularization pending manager approval,Attendance regularization pending manager approval. Employee raised via HR portal.,Attendance & Leave,,Closed,P2 - High,12/09/2025 11:14,15/09/2025 22:09,Payroll Team,Employee 2505,Marketing,Region South
HR-40262,Name correction in HR system,Name correction in HR system. Employee raised via HR portal.,Employee Data Updates,,Closed,P4 - Low,21/08/2025 19:36,28/08/2025 14:16,Payroll Team,Employee 7587,Marketing,Region North
HR-40137,PF transfer status,PF transfer status. Employee raised via HR portal.,PF/Investment/Tax,,Closed,P2 - High,29/07/2025 04:35,07/08/2025 04:23,Payroll Team,Employee 1718,Quality,HQ
HR-40208,Employment letter for visa application,Employment letter for visa application. Employee raised via HR portal.,Letters & Certificates,,On Hold,P3 - Medium,12/09/2025 19:46,,Benefits Team,Employee 8180,Regulatory Affairs,Region West
HR-40331,Reimbursement claim rejected without reason,Reimbursement claim rejected without reason. Employee raised via HR portal.,Reimbursements & Expenses,,Resolved,P4 - Low,19/08/2025 09:28,24/08/2025 17:52,Benefits Team,Employee 6314,Manufacturing,Region West
HR-40082,Leave balance incorrect after regularization,Leave balance incorrect after regularization. Employee raised via HR portal.,Attendance & Leave,,Closed,P2 - High,26/07/2025 19:01,28/07/2025 23:13,Payroll Team,Employee 8228,IT,Region West
HR-40178,Medical insurance card not received,Medical insurance card not received. Employee raised via HR portal.,Benefits & Medical Insurance,,On Hold,P4 - Low,21/08/2025 12:06,,HR Helpdesk,Employee 3513,Supply Chain,Region North
HR-40156,Tax declaration window reopen request,Tax declaration window reopen request. Employee raised via HR portal.,PF/Investment/Tax,,Closed,P4 - Low,18/09/2025 23:51,22/09/2025 19:37,Payroll Team,Employee 4871,Supply Chain,Region North
HR-40303,HR app login not working,HR app login not working. Employee raised via HR portal.,HR App/Tech Support,,Closed,P2 - High,22/09/2025 07:35,24/09/2025 00:07,HR Helpdesk,Employee 7340,Finance,HQ
HR-40275,Onboarding documents upload failing,Onboarding documents upload failing. Employee raised via HR portal.,Onboarding & Offboarding,,Closed,P2 - High,08/07/2025 10:48,09/07/2025 19:41,Benefits Team,Employee 6100,R&D,Plant A
HR-40031,Payslip not available for June,Payslip not available for June. Employee raised via HR portal.,Payroll & Compensation,,Closed,P4 - Low,06/09/2025 09:20,07/09/2025 08:13,HR Helpdesk,Employee 6940,Quality,Region North
HR-40224,Experience certificate request,Experience certificate request. Employee raised via HR portal.,Letters & Certificates,,Closed,P2 - High,26/07/2025 15:55,30/07/2025 02:08,HR Helpdesk,Employee 9000,Field Sales,HQ
HR-40078,Leave balance incorrect after regularization,Leave balance incorrect after regularization. Employee raised via HR portal.,Attendance & Leave,,On Hold,P4 - Low,06/09/2025 20:48,,Payroll Team,Employee 8915,R&D,Region West
HR-40130,PF transfer status,PF transfer status. Employee raised via HR portal.,PF/Investment/Tax,,Closed,P3 - Medium,10/09/2025 15:38,17/09/2025 01:42,Payroll Team,Employee 4366,Finance,HQ
HR-40105,Attendance regularization pending manager approval,Attendance regularization pending manager approval. Employee raised via HR portal.,Attendance & Leave,,On Hold,P2 - High,15/09/2025 13:41,,HR Helpdesk,Employee 3994,Finance,Region South
HR-40034,Payslip not available for June,Payslip not available for June. Employee raised via HR portal.,Payroll & Compensation,,Closed,P4 - Low,29/07/2025 15:33,30/07/2025 14:28,Benefits Team,Employee 2613,Regulatory Affairs,Region North
HR-40217,Experience certificate request,Experience certificate request. Employee raised via HR portal.,Letters & Certificates,,Resolved,P4 - Low,25/09/2025 03:18,27/09/2025 09:02,HR Helpdesk,Employee 8936,Supply Chain,Region North
HR-40206,Employment letter for visa application,Employment letter for visa application. Employee raised via HR portal.,Letters & Certificates,,Closed,P4 - Low,04/09/2025 12:32,06/09/2025 05:18,HR Helpdesk,Employee 1269,HR,Region West
HR-40064,Leave balance incorrect after regularization,Leave balance incorrect after regularization. Employee raised via HR portal.,Attendance & Leave,,Resolved,P2 - High,03/08/2025 14:35,05/08/2025 22:53,Payroll Team,Employee 4133,Regulatory Affairs,HQ
HR-40190,Add dependent to insurance policy,Add dependent to insurance policy. Employee raised via HR portal.,Benefits & Medical Insurance,,Closed,P4 - Low,03/07/2025 06:58,08/07/2025 01:24,Payroll Team,Employee 7731,Marketing,Region North
HR-40030,Payslip not available for June,Payslip not available for June. Employee raised via HR portal.,Payroll & Compensation,,On Hold,P2 - High,27/09/2025 22:39,,Payroll Team,Employee 9997,Field Sales,Plant A
HR-40228,Experience certificate request,Experience certificate request. Employee raised via HR portal.,Letters & Certificates,,Resolved,P4 - Low,07/07/2025 09:40,10/07/2025 10:39,HR Helpdesk,Employee 8560,R&D,Plant A
HR-40315,HR app login not working,HR app login not working. Employee raised via HR portal.,HR App/Tech Support,,On Hold,P3 - Medium,26/07/2025 16:24,,Benefits Team,Employee 1348,R&D,Region North
HR-40041,Salary component query,Salary component query. Employee raised via HR portal.,Payroll & Compensation,,Closed,P4 - Low,28/09/2025 13:58,28/09/2025 23:44,Benefits Team,Employee 2905,R&D,Region South
HR-40183,Add dependent to insurance policy,Add dependent to insurance policy. Employee raised via HR portal.,Benefits & Medical Insurance,,On Hold,P3 - Medium,16/07/2025 11:09,,Payroll Team,Employee 4371,R&D,Plant B
HR-40271,Onboarding documents upload failing,Onboarding documents upload failing. Employee raised via HR portal.,Onboarding & Offboarding,,Closed,P4 - Low,08/09/2025 19:18,09/09/2025 17:27,Payroll Team,Employee 1107,Regulatory Affairs,Region North
HR-40032,Payslip not available for June,Payslip not available for June. Employee raised via HR portal.,Payroll & Compensation,,Closed,P4 - Low,27/09/2025 19:01,30/09/2025 06:12,Payroll Team,Employee 2367,Manufacturing,Region South
HR-40202,Employment letter for visa application,Employment letter for visa application. Employee raised via HR portal.,Letters & Certificates,,Open,P3 - Medium,16/08/2025 21:30,,HR Helpdesk,Employee 3603,Field Sales,Plant A
HR-40321,Reimbursement claim rejected without reason,Reimbursement claim rejected without reason. Employee raised via HR portal.,Reimbursements & Expenses,,Closed,P3 - Medium,03/08/2025 16:34,08/08/2025 03:00,HR Helpdesk,Employee 9296,Field Sales,Region West
HR-40260,Name correction in HR system,Name correction in HR system. Employee raised via HR portal.,Employee Data Updates,,Closed,P4 - Low,10/07/2025 10:16,14/07/2025 17:43,Payroll Team,Employee 6642,Manufacturing,Plant A
HR-40072,Leave balance incorrect after regularization,Leave balance incorrect after regularization. Employee raised via HR portal.,Attendance & Leave,,Closed,P4 - Low,15/07/2025 05:50,18/07/2025 05:00,HR Helpdesk,Employee 1274,Finance,Plant A
HR-40158,Medical insurance card not received,Medical insurance card not received. Employee raised via HR portal.,Benefits & Medical Insurance,,Closed,P3 - Medium,04/09/2025 23:38,10/09/2025 08:32,Payroll Team,Employee 5296,R&D,Region West
HR-40225,Experience certificate request,Experience certificate request. Employee raised via HR portal.,Letters & Certificates,,Closed,P2 - High,25/07/2025 18:27,28/07/2025 16:09,Payroll Team,Employee 2491,Finance,Region North
HR-40328,Reimbursement claim rejected without reason,Reimbursement claim rejected without reason. Employee raised via HR portal.,Reimbursements & Expenses,,Resolved,P4 - Low,09/08/2025 06:43,13/08/2025 19:28,Payroll Team,Employee 5646,Finance,Plant A
HR-40234,Bank account update for salary credit,Bank account update for salary credit. Employee raised via HR portal.,Employee Data Updates,,On Hold,P4 - Low,25/09/2025 23:23,,Benefits Team,Employee 8968,R&D,Region North
HR-40185,Add dependent to insurance policy,Add dependent to insurance policy. Employee raised via HR portal.,Benefits & Medical Insurance,,Open,P2 - High,14/07/2025 02:42,,Payroll Team,Employee 3038,Finance,Plant A
HR-40289,ID card reissue,ID card reissue. Employee raised via HR portal.,ID Cards & Access,,Closed,P4 - Low,03/09/2025 12:58,06/09/2025 17:09,Payroll Team,Employee 8113,Field Sales,Region West
HR-40045,Salary component query,Salary component query. Employee raised via HR portal.,Payroll & Compensation,,Closed,P4 - Low,16/07/2025 13:09,17/07/2025 22:02,Benefits Team,Employee 5663,Manufacturing,Region West
HR-40308,HR app login not working,HR app login not working. Employee raised via HR portal.,HR App/Tech Support,,Closed,P4 - Low,10/07/2025 22:35,12/07/2025 16:46,HR Helpdesk,Employee 5175,Marketing,Plant B
HR-40232,Experience certificate request,Experience certificate request. Employee raised via HR portal.,Letters & Certificates,,Resolved,P4 - Low,10/08/2025 12:56,15/08/2025 09:43,Benefits Team,Employee 5987,Supply Chain,HQ
HR-40146,Tax declaration window reopen request,Tax declaration window reopen request. Employee raised via HR portal.,PF/Investment/Tax,,Closed,P4 - Low,14/07/2025 04:00,18/07/2025 21:49,HR Helpdesk,Employee 5165,IT,HQ
HR-40211,Employment letter for visa application,Employment letter for visa application. Employee raised via HR portal.,Letters & Certificates,,Closed,P2 - High,08/07/2025 22:50,11/07/2025 00:09,Benefits Team,Employee 4984,Supply Chain,Plant B
HR-40141,Tax declaration window reopen request,Tax declaration window reopen request. Employee raised via HR portal.,PF/Investment/Tax,,Closed,P2 - High,30/08/2025 18:36,04/09/2025 03:14,Payroll Team,Employee 1777,Finance,Region North
HR-40259,Name correction in HR system,Name correction in HR system. Employee raised via HR portal.,Employee Data Updates,,Closed,P4 - Low,09/07/2025 13:36,14/07/2025 18:21,HR Helpdesk,Employee 5958,Quality,Region North
HR-40052,Salary component query,Salary component query. Employee raised via HR portal.,Payroll & Compensation,,Resolved,P2 - High,19/09/2025 10:19,22/09/2025 03:00,HR Helpdesk,Employee 8369,Quality,Region South
HR-40216,Employment letter for visa application,Employment letter for visa application. Employee raised via HR portal.,Letters & Certificates,,Closed,P2 - High,18/08/2025 07:04,22/08/2025 00:21,HR Helpdesk,Employee 2423,HR,Plant B
HR-40157,Medical insurance card not received,Medical insurance card not received. Employee raised via HR portal.,Benefits & Medical Insurance,,Closed,P4 - Low,22/07/2025 17:06,26/07/2025 22:28,Benefits Team,Employee 5617,Supply Chain,Plant A
HR-40313,HR app login not working,HR app login not working. Employee raised via HR portal.,HR App/Tech Support,,Closed,P4 - Low,18/09/2025 21:55,20/09/2025 20:05,Payroll Team,Employee 8874,IT,Region North
HR-40171,Medical insurance card not received,Medical insurance card not received. Employee raised via HR portal.,Benefits & Medical Insurance,,Closed,P2 - High,03/08/2025 01:34,07/08/2025 07:47,Benefits Team,Employee 5966,Manufacturing,HQ
HR-40265,Name correction in HR system,Name correction in HR system. Employee raised via HR portal.,Employee Data Updates,,Closed,P2 - High,26/08/2025 14:40,29/08/2025 02:28,Payroll Team,Employee 7941,Regulatory Affairs,Plant B
HR-40044,Salary component query,Salary component query. Employee raised via HR portal.,Payroll & Compensation,,Closed,P3 - Medium,01/09/2025 21:25,03/09/2025 23:09,Benefits Team,Employee 1247,Field Sales,Plant B
HR-40169,Medical insurance card not received,Medical insurance card not received. Employee raised via HR portal.,Benefits & Medical Insurance,,Closed,P2 - High,24/08/2025 11:23,27/08/2025 02:41,HR Helpdesk,Employee 6647,Finance,Region North
HR-40238,Bank account update for salary credit,Bank account update for salary credit. Employee raised via HR portal.,Employee Data Updates,,Closed,P4 - Low,03/08/2025 00:49,04/08/2025 06:16,Payroll Team,Employee 8827,Field Sales,HQ
HR-40123,PF transfer status,PF transfer status. Employee raised via HR portal.,PF/Investment/Tax,,On Hold,P3 - Medium,28/09/2025 19:35,,Payroll Team,Employee 3396,IT,HQ
HR-40122,PF transfer status,PF transfer status. Employee raised via HR portal.,PF/Investment/Tax,,Closed,P4 - Low,16/09/2025 04:31,29/09/2025 05:12,Payroll Team,Employee 3131,Supply Chain,HQ
HR-40115,Attendance regularization pending manager approval,Attendance regularization pending manager approval. Employee raised via HR portal.,Attendance & Leave,,Closed,P2 - High,17/08/2025 03:10,22/08/2025 09:39,HR Helpdesk,Employee 6048,HR,Plant B
HR-40063,Leave balance incorrect after regularization,Leave balance incorrect after regularization. Employee raised via HR portal.,Attendance & Leave,,Resolved,P2 - High,22/07/2025 09:06,23/07/2025 10:09,Payroll Team,Employee 8708,Quality,Plant B
HR-40051,Salary component query,Salary component query. Employee raised via HR portal.,Payroll & Compensation,,Closed,P3 - Medium,22/09/2025 07:34,24/09/2025 21:45,Payroll Team,Employee 6191,Regulatory Affairs,Plant A
HR-40221,Experience certificate request,Experience certificate request. Employee raised via HR portal.,Letters & Certificates,,Open,P4 - Low,10/08/2025 07:03,,HR Helpdesk,Employee 3106,IT,Region South
HR-40107,Attendance regularization pending manager approval,Attendance regularization pending manager approval. Employee raised via HR portal.,Attendance & Leave,,On Hold,P2 - High,02/07/2025 03:55,,Payroll Team,Employee 5779,Finance,Region South
HR-40037,Salary component query,Salary component query. Employee raised via HR portal.,Payroll & Compensation,,Resolved,P4 - Low,17/08/2025 06:12,21/08/2025 04:56,Benefits Team,Employee 2766,Quality,Region West
HR-40179,Medical insurance card not received,Medical insurance card not received. Employee raised via HR portal.,Benefits & Medical Insurance,,Open,P2 - High,28/07/2025 17:06,,Payroll Team,Employee 2407,Field Sales,Plant B
HR-40311,HR app login not working,HR app login not working. Employee raised via HR portal.,HR App/Tech Support,,Closed,P3 - Medium,21/08/2025 10:04,23/08/2025 07:10,HR Helpdesk,Employee 2057,Supply Chain,Region South
HR-40273,Onboarding documents upload failing,Onboarding documents upload failing. Employee raised via HR portal.,Onboarding & Offboarding,,Closed,P2 - High,12/07/2025 14:49,13/07/2025 05:33,HR Helpdesk,Employee 3241,HR,Plant A
HR-40084,Leave balance incorrect after regularization,Leave balance incorrect after regularization. Employee raised via HR portal.,Attendance & Leave,,Closed,P4 - Low,15/07/2025 13:40,16/07/2025 03:25,Benefits Team,Employee 7476,Supply Chain,HQ
HR-40152,Tax declaration window reopen request,Tax declaration window reopen request. Employee raised via HR portal.,PF/Investment/Tax,,Open,P4 - Low,03/09/2025 23:40,,HR Helpdesk,Employee 4053,Quality,Plant B
HR-40055,Salary component query,Salary component query. Employee raised via HR portal.,Payroll & Compensation,,Open,P4 - Low,07/08/2025 02:08,,Payroll Team,Employee 6583,IT,Region South
HR-40176,Medical insurance card not received,Medical insurance card not received. Employee raised via HR portal.,Benefits & Medical Insurance,,Open,P3 - Medium,12/09/2025 07:10,,Benefits Team,Employee 2984,Finance,Plant A
HR-40089,Leave balance incorrect after regularization,Leave balance incorrect after regularization. Employee raised via HR portal.,Attendance & Leave,,Closed,P3 - Medium,15/09/2025 02:01,15/09/2025 13:37,HR Helpdesk,Employee 1837,Manufacturing,Region North
HR-40194,Add dependent to insurance policy,Add dependent to insurance policy. Employee raised via HR portal.,Benefits & Medical Insurance,,Resolved,P3 - Medium,21/09/2025 21:30,24/09/2025 15:00,Payroll Team,Employee 5645,R&D,Region North
HR-40270,Onboarding documents upload failing,Onboarding documents upload failing. Employee raised via HR portal.,Onboarding & Offboarding,,On Hold,P3 - Medium,27/08/2025 05:13,,Benefits Team,Employee 8665,Field Sales,Region West
HR-40020,Payslip not available for June,Payslip not available for June. Employee raised via HR portal.,Payroll & Compensation,,Closed,P4 - Low,10/07/2025 21:15,11/07/2025 18:41,Benefits Team,Employee 3922,Regulatory Affairs,Plant B
HR-40142,Tax declaration window reopen request,Tax declaration window reopen request. Employee raised via HR portal.,PF/Investment/Tax,,Resolved,P2 - High,19/09/2025 09:11,22/09/2025 20:18,Payroll Team,Employee 6691,Quality,Region South
HR-40274,Onboarding documents upload failing,Onboarding documents upload failing. Employee raised via HR portal.,Onboarding & Offboarding,,Closed,P4 - Low,19/07/2025 20:13,21/07/2025 04:23,HR Helpdesk,Employee 7149,Supply Chain,Plant B
HR-40076,Leave balance incorrect after regularization,Leave balance incorrect after regularization. Employee raised via HR portal.,Attendance & Leave,,Resolved,P4 - Low,09/09/2025 09:09,11/09/2025 18:59,Payroll Team,Employee 1208,HR,Region West
HR-40168,Medical insurance card not received,Medical insurance card not received. Employee raised via HR portal.,Benefits & Medical Insurance,,Closed,P4 - Low,02/07/2025 13:46,07/07/2025 09:27,Benefits Team,Employee 7603,Quality,Region North
HR-40147,Tax declaration window reopen request,Tax declaration window reopen request. Employee raised via HR portal.,PF/Investment/Tax,,Closed,P2 - High,03/08/2025 05:40,04/08/2025 18:01,Payroll Team,Employee 5861,Quality,Region North
HR-40325,Reimbursement claim rejected without reason,Reimbursement claim rejected without reason. Employee raised via HR portal.,Reimbursements & Expenses,,Resolved,P2 - High,05/09/2025 07:06,10/09/2025 19:18,HR Helpdesk,Employee 3395,IT,Plant B
HR-40071,Leave balance incorrect after regularization,Leave balance incorrect after regularization. Employee raised via HR portal.,Attendance & Leave,,On Hold,P3 - Medium,13/07/2025 18:09,,HR Helpdesk,Employee 9836,Field Sales,HQ
HR-40081,Leave balance incorrect after regularization,Leave balance incorrect after regularization. Employee raised via HR portal.,Attendance & Leave,,Closed,P3 - Medium,07/08/2025 05:59,07/08/2025 21:01,Payroll Team,Employee 6682,Marketing,Plant B
HR-40327,Reimbursement claim rejected without reason,Reimbursement claim rejected without reason. Employee raised via HR portal.,Reimbursements & Expenses,,Closed,P4 - Low,21/09/2025 09:33,25/09/2025 11:10,Benefits Team,Employee 4364,Manufacturing,Region North
HR-40129,PF transfer status,PF transfer status. Employee raised via HR portal.,PF/Investment/Tax,,Open,P4 - Low,24/08/2025 08:13,,Benefits Team,Employee 4437,Field Sales,Region South
HR-40286,Onboarding documents upload failing,Onboarding documents upload failing. Employee raised via HR portal.,Onboarding & Offboarding,,Closed,P3 - Medium,17/07/2025 06:58,18/07/2025 03:49,Payroll Team,Employee 5995,Finance,HQ
HR-40024,Payslip not available for June,Payslip not available for June. Employee raised via HR portal.,Payroll & Compensation,,Open,P4 - Low,15/07/2025 05:16,,Payroll Team,Employee 5388,Field Sales,HQ
HR-40161,Medical insurance card not received,Medical insurance card not received. Employee raised via HR portal.,Benefits & Medical Insurance,,Closed,P4 - Low,06/08/2025 18:44,10/08/2025 07:06,Benefits Team,Employee 8224,Field Sales,Region South
HR-40065,Leave balance incorrect after regularization,Leave balance incorrect after regularization. Employee raised via HR portal.,Attendance & Leave,,Closed,P2 - High,24/08/2025 13:04,26/08/2025 11:18,Payroll Team,Employee 4899,Field Sales,Region West
HR-40151,Tax declaration window reopen request,Tax declaration window reopen request. Employee raised via HR portal.,PF/Investment/Tax,,Resolved,P2 - High,06/08/2025 10:38,09/08/2025 19:37,HR Helpdesk,Employee 7435,IT,HQ
HR-40296,ID card reissue,ID card reissue. Employee raised via HR portal.,ID Cards & Access,,Resolved,P3 - Medium,15/07/2025 18:44,20/07/2025 14:39,Benefits Team,Employee 9913,Regulatory Affairs,Region South
HR-40148,Tax declaration window reopen request,Tax declaration window reopen request. Employee raised via HR portal.,PF/Investment/Tax,,Closed,P4 - Low,18/07/2025 07:09,20/07/2025 05:45,HR Helpdesk,Employee 8705,R&D,Plant B
HR-40268,Name correction in HR system,Name correction in HR system. Employee raised via HR portal.,Employee Data Updates,,Closed,P3 - Medium,05/07/2025 09:29,06/07/2025 20:44,Benefits Team,Employee 6361,R&D,Plant B
HR-40284,Onboarding documents upload failing,Onboarding documents upload failing. Employee raised via HR portal.,Onboarding & Offboarding,,Resolved,P3 - Medium,28/09/2025 10:30,29/09/2025 03:54,HR Helpdesk,Employee 2154,Quality,Plant A
HR-40079,Leave balance incorrect after regularization,Leave balance incorrect after regularization. Employee raised via HR portal.,Attendance & Leave,,Closed,P3 - Medium,18/09/2025 06:50,21/09/2025 00:29,Payroll Team,Employee 1941,Marketing,Plant B
HR-40086,Leave balance incorrect after regularization,Leave balance incorrect after regularization. Employee raised via HR portal.,Attendance & Leave,,Closed,P3 - Medium,20/07/2025 21:11,21/07/2025 20:12,Payroll Team,Employee 5173,Finance,Region South
HR-40307,HR app login not working,HR app login not working. Employee raised via HR portal.,HR App/Tech Support,,Resolved,P3 - Medium,01/08/2025 21:42,02/08/2025 21:20,Payroll Team,Employee 8467,IT,Plant A
HR-40087,Leave balance incorrect after regularization,Leave balance incorrect after regularization. Employee raised via HR portal.,Attendance & Leave,,Closed,P2 - High,27/09/2025 02:07,29/09/2025 14:31,Payroll Team,Employee 5358,Field Sales,Region West
HR-40305,HR app login not working,HR app login not working. Employee raised via HR portal.,HR App/Tech Support,,Resolved,P3 - Medium,21/08/2025 16:29,22/08/2025 01:49,Payroll Team,Employee 4542,Supply Chain,Plant B
HR-40229,Experience certificate request,Experience certificate request. Employee raised via HR portal.,Letters & Certificates,,On Hold,P3 - Medium,02/08/2025 21:14,,Payroll Team,Employee 5476,IT,Plant B
HR-40200,Employment letter for visa application,Employment letter for visa application. Employee raised via HR portal.,Letters & Certificates,,On Hold,P4 - Low,20/07/2025 22:38,,Payroll Team,Employee 2570,HR,Plant B
HR-40166,Medical insurance card not received,Medical insurance card not received. Employee raised via HR portal.,Benefits & Medical Insurance,,Open,P2 - High,24/07/2025 00:55,,Benefits Team,Employee 4126,Manufacturing,Region South
HR-40269,Onboarding documents upload failing,Onboarding documents upload failing. Employee raised via HR portal.,Onboarding & Offboarding,,On Hold,P3 - Medium,31/08/2025 10:20,,Payroll Team,Employee 1086,Regulatory Affairs,HQ
HR-40288,Onboarding documents upload failing,Onboarding documents upload failing. Employee raised via HR portal.,Onboarding & Offboarding,,Closed,P3 - Medium,03/07/2025 10:39,04/07/2025 07:10,Payroll Team,Employee 7701,Marketing,Region South
HR-40062,Leave balance incorrect after regularization,Leave balance incorrect after regularization. Employee raised via HR portal.,Attendance & Leave,,Closed,P4 - Low,27/08/2025 23:52,28/08/2025 22:17,Benefits Team,Employee 8028,Manufacturing,Region West
HR-40085,Leave balance incorrect after regularization,Leave balance incorrect after regularization. Employee raised via HR portal.,Attendance & Leave,,Resolved,P4 - Low,07/07/2025 20:34,09/07/2025 16:02,HR Helpdesk,Employee 3726,Finance,Region West
HR-40059,Salary component query,Salary component query. Employee raised via HR portal.,Payroll & Compensation,,Open,P2 - High,11/08/2025 19:57,,HR Helpdesk,Employee 6013,Manufacturing,Plant B
HR-40116,Attendance regularization pending manager approval,Attendance regularization pending manager approval. Employee raised via HR portal.,Attendance & Leave,,Open,P3 - Medium,14/07/2025 22:45,,Benefits Team,Employee 1299,Quality,Plant A
HR-40252,Bank account update for salary credit,Bank account update for salary credit. Employee raised via HR portal.,Employee Data Updates,,On Hold,P3 - Medium,29/08/2025 17:37,,Benefits Team,Employee 8137,R&D,Plant A
HR-40298,ID card reissue,ID card reissue. Employee raised via HR portal.,ID Cards & Access,,Closed,P4 - Low,14/08/2025 10:44,15/08/2025 13:01,Payroll Team,Employee 1599,Marketing,Plant B
HR-40096,Attendance regularization pending manager approval,Attendance regularization pending manager approval. Employee raised via HR portal.,Attendance & Leave,,Closed,P4 - Low,28/07/2025 02:12,31/07/2025 16:05,Benefits Team,Employee 2879,Field Sales,Plant A
HR-40236,Bank account update for salary credit,Bank account update for salary credit. Employee raised via HR portal.,Employee Data Updates,,Open,P3 - Medium,22/07/2025 02:11,,HR Helpdesk,Employee 8319,Regulatory Affairs,Plant A
HR-40033,Payslip not available for June,Payslip not available for June. Employee raised via HR portal.,Payroll & Compensation,,Closed,P2 - High,03/09/2025 09:06,06/09/2025 05:24,Payroll Team,Employee 9596,Supply Chain,Region South
HR-40090,Leave balance incorrect after regularization,Leave balance incorrect after regularization. Employee raised via HR portal.,Attendance & Leave,,Closed,P2 - High,13/07/2025 02:50,13/07/2025 14:04,Payroll Team,Employee 4960,Regulatory Affairs,Plant A
HR-40042,Salary component query,Salary component query. Employee raised via HR portal.,Payroll & Compensation,,Closed,P2 - High,26/09/2025 16:50,30/09/2025 08:13,Benefits Team,Employee 9910,Supply Chain,Region West
HR-40124,PF transfer status,PF transfer status. Employee raised via HR portal.,PF/Investment/Tax,,Open,P2 - High,18/07/2025 00:44,,Payroll Team,Employee 7061,Quality,Plant A
HR-40050,Salary component query,Salary component query. Employee raised via HR portal.,Payroll & Compensation,,Closed,P3 - Medium,14/08/2025 03:41,15/08/2025 05:09,Benefits Team,Employee 7293,IT,Plant B
HR-40290,ID card reissue,ID card reissue. Employee raised via HR portal.,ID Cards & Access,,Closed,P2 - High,27/09/2025 21:12,01/10/2025 23:08,Payroll Team,Employee 7216,Manufacturing,Plant A
HR-40291,ID card reissue,ID card reissue. Employee raised via HR portal.,ID Cards & Access,,Closed,P3 - Medium,28/08/2025 05:18,30/08/2025 22:04,Payroll Team,Employee 5938,Field Sales,Region South
HR-40276,Onboarding documents upload failing,Onboarding documents upload failing. Employee raised via HR portal.,Onboarding & Offboarding,,Closed,P3 - Medium,23/09/2025 16:59,25/09/2025 15:37,HR Helpdesk,Employee 7343,Manufacturing,Plant B
HR-40128,PF transfer status,PF transfer status. Employee raised via HR portal.,PF/Investment/Tax,,Resolved,P2 - High,19/09/2025 03:35,26/09/2025 09:01,Payroll Team,Employee 3124,HR,HQ
HR-40261,Name correction in HR system,Name correction in HR system. Employee raised via HR portal.,Employee Data Updates,,Closed,P2 - High,11/09/2025 06:24,13/09/2025 11:21,Payroll Team,Employee 5649,Supply Chain,HQ
HR-40099,Attendance regularization pending manager approval,Attendance regularization pending manager approval. Employee raised via HR portal.,Attendance & Leave,,Closed,P3 - Medium,18/08/2025 01:22,19/08/2025 03:41,Benefits Team,Employee 8982,IT,Region West
HR-40192,Add dependent to insurance policy,Add dependent to insurance policy. Employee raised via HR portal.,Benefits & Medical Insurance,,Open,P3 - Medium,21/07/2025 13:06,,HR Helpdesk,Employee 9925,Regulatory Affairs,Region North
HR-40060,Salary component query,Salary component query. Employee raised via HR portal.,Payroll & Compensation,,Closed,P2 - High,14/09/2025 02:54,16/09/2025 00:38,Benefits Team,Employee 1839,Field Sales,Region West
HR-40043,Salary component query,Salary component query. Employee raised via HR portal.,Payroll & Compensation,,Closed,P4 - Low,09/09/2025 03:25,10/09/2025 21:08,Payroll Team,Employee 7227,Quality,Plant A
HR-40249,Bank account update for salary credit,Bank account update for salary credit. Employee raised via HR portal.,Employee Data Updates,,Closed,P4 - Low,03/09/2025 08:19,05/09/2025 20:14,Payroll Team,Employee 7597,Field Sales,Region North
HR-40189,Add dependent to insurance policy,Add dependent to insurance policy. Employee raised via HR portal.,Benefits & Medical Insurance,,Closed,P2 - High,23/07/2025 13:54,30/07/2025 12:04,Benefits Team,Employee 9778,Supply Chain,Plant A
HR-40019,Payslip not available for June,Payslip not available for June. Employee raised via HR portal.,Payroll & Compensation,,Closed,P2 - High,24/09/2025 15:57,26/09/2025 08:12,Benefits Team,Employee 1316,Finance,Region West
HR-40056,Salary component query,Salary component query. Employee raised via HR portal.,Payroll & Compensation,,Closed,P4 - Low,19/09/2025 03:07,21/09/2025 05:13,Payroll Team,Employee 3862,Finance,Region West
HR-40027,Payslip not available for June,Payslip not available for June. Employee raised via HR portal.,Payroll & Compensation,,Resolved,P2 - High,12/07/2025 05:23,15/07/2025 00:05,Benefits Team,Employee 5992,Supply Chain,Region North
HR-40245,Bank account update for salary credit,Bank account update for salary credit. Employee raised via HR portal.,Employee Data Updates,,Closed,P3 - Medium,04/09/2025 09:47,06/09/2025 17:15,Benefits Team,Employee 1854,HR,Plant B
HR-40222,Experience certificate request,Experience certificate request. Employee raised via HR portal.,Letters & Certificates,,Resolved,P2 - High,17/07/2025 23:47,19/07/2025 18:03,HR Helpdesk,Employee 7902,R&D,Region North
HR-40104,Attendance regularization pending manager approval,Attendance regularization pending manager approval. Employee raised via HR portal.,Attendance & Leave,,Closed,P2 - High,02/07/2025 18:06,08/07/2025 17:49,Payroll Team,Employee 9457,Manufacturing,Region North
HR-40218,Experience certificate request,Experience certificate request. Employee raised via HR portal.,Letters & Certificates,,Closed,P3 - Medium,03/09/2025 03:26,05/09/2025 23:11,Payroll Team,Employee 4015,R&D,Plant A
HR-40322,Reimbursement claim rejected without reason,Reimbursement claim rejected without reason. Employee raised via HR portal.,Reimbursements & Expenses,,Closed,P3 - Medium,06/08/2025 04:14,08/08/2025 13:52,Benefits Team,Employee 4728,R&D,Region South
HR-40040,Salary component query,Salary component query. Employee raised via HR portal.,Payroll & Compensation,,Closed,P3 - Medium,04/07/2025 15:59,07/07/2025 14:28,HR Helpdesk,Employee 4227,Regulatory Affairs,HQ
HR-40101,Attendance regularization pending manager approval,Attendance regularization pending manager approval. Employee raised via HR portal.,Attendance & Leave,,On Hold,P4 - Low,26/07/2025 01:21,,Benefits Team,Employee 6649,Finance,Plant A
HR-40025,Payslip not available for June,Payslip not available for June. Employee raised via HR portal.,Payroll & Compensation,,Closed,P2 - High,30/08/2025 21:20,01/09/2025 06:45,Benefits Team,Employee 5505,Quality,Plant A
HR-40323,Reimbursement claim rejected without reason,Reimbursement claim rejected without reason. Employee raised via HR portal.,Reimbursements & Expenses,,Closed,P4 - Low,21/07/2025 06:31,23/07/2025 04:42,Benefits Team,Employee 4909,Finance,Region West
HR-40173,Medical insurance card not received,Medical insurance card not received. Employee raised via HR portal.,Benefits & Medical Insurance,,Closed,P3 - Medium,07/09/2025 18:59,13/09/2025 21:28,HR Helpdesk,Employee 9931,HR,Plant B
HR-40047,Salary component query,Salary component query. Employee raised via HR portal.,Payroll & Compensation,,Closed,P4 - Low,19/09/2025 01:47,20/09/2025 09:17,HR Helpdesk,Employee 3462,Marketing,Plant A
HR-40191,Add dependent to insurance policy,Add dependent to insurance policy. Employee raised via HR portal.,Benefits & Medical Insurance,,On Hold,P3 - Medium,04/07/2025 05:04,,Benefits Team,Employee 4606,Field Sales,Plant A
HR-40054,Salary component query,Salary component query. Employee raised via HR portal.,Payroll & Compensation,,Resolved,P2 - High,25/08/2025 18:44,27/08/2025 08:15,HR Helpdesk,Employee 3670,Field Sales,Region West
HR-40018,Payslip not available for June,Payslip not available for June. Employee raised via HR portal.,Payroll & Compensation,,On Hold,P2 - High,12/08/2025 01:37,,Benefits Team,Employee 5424,R&D,Plant A
HR-40103,Attendance regularization pending manager approval,Attendance regularization pending manager approval. Employee raised via HR portal.,Attendance & Leave,,Closed,P4 - Low,17/08/2025 11:41,22/08/2025 17:54,Benefits Team,Employee 8757,Field Sales,Plant B
HR-40251,Bank account update for salary credit,Bank account update for salary credit. Employee raised via HR portal.,Employee Data Updates,,On Hold,P2 - High,13/09/2025 21:54,,Payroll Team,Employee 8190,Regulatory Affairs,Region South
HR-40240,Bank account update for salary credit,Bank account update for salary credit. Employee raised via HR portal.,Employee Data Updates,,Closed,P3 - Medium,08/09/2025 19:32,10/09/2025 14:24,Benefits Team,Employee 4988,Quality,Region South
HR-40272,Onboarding documents upload failing,Onboarding documents upload failing. Employee raised via HR portal.,Onboarding & Offboarding,,Closed,P2 - High,14/09/2025 07:49,15/09/2025 20:37,Benefits Team,Employee 2371,IT,Plant A
HR-40160,Medical insurance card not received,Medical insurance card not received. Employee raised via HR portal.,Benefits & Medical Insurance,,Closed,P4 - Low,04/07/2025 07:09,10/07/2025 15:21,HR Helpdesk,Employee 5691,R&D,Plant A
HR-40093,Attendance regularization pending manager approval,Attendance regularization pending manager approval. Employee raised via HR portal.,Attendance & Leave,,Open,P4 - Low,29/07/2025 14:22,,HR Helpdesk,Employee 1557,IT,Region South
HR-40118,Attendance regularization pending manager approval,Attendance regularization pending manager approval. Employee raised via HR portal.,Attendance & Leave,,Resolved,P4 - Low,04/08/2025 06:47,09/08/2025 09:24,Payroll Team,Employee 4926,Supply Chain,Region South
HR-40310,HR app login not working,HR app login not working. Employee raised via HR portal.,HR App/Tech Support,,Closed,P2 - High,18/09/2025 07:10,19/09/2025 09:14,Benefits Team,Employee 8758,Regulatory Affairs,Region West
HR-40008,Payslip not available for June,Payslip not available for June. Employee raised via HR portal.,Payroll & Compensation,,Closed,P2 - High,25/07/2025 03:44,25/07/2025 15:13,Benefits Team,Employee 8720,Finance,HQ
HR-40053,Salary component query,Salary component query. Employee raised via HR portal.,Payroll & Compensation,,On Hold,P3 - Medium,21/07/2025 04:28,,Payroll Team,Employee 3955,Finance,Region West
HR-40002,Payslip not available for June,Payslip not available for June. Employee raised via HR portal.,Payroll & Compensation,,Resolved,P2 - High,12/07/2025 01:02,12/07/2025 09:59,HR Helpdesk,Employee 8074,Finance,Region West
HR-40186,Add dependent to insurance policy,Add dependent to insurance policy. Employee raised via HR portal.,Benefits & Medical Insurance,,On Hold,P4 - Low,25/08/2025 15:01,,Benefits Team,Employee 2807,Finance,Region North
HR-40108,Attendance regularization pending manager approval,Attendance regularization pending manager approval. Employee raised via HR portal.,Attendance & Leave,,Closed,P3 - Medium,14/08/2025 09:54,17/08/2025 08:48,Payroll Team,Employee 4119,Regulatory Affairs,HQ
HR-40300,ID card reissue,ID card reissue. Employee raised via HR portal.,ID Cards & Access,,Closed,P2 - High,22/08/2025 15:24,23/08/2025 17:24,Payroll Team,Employee 1604,HR,Region North
HR-40244,Bank account update for salary credit,Bank account update for salary credit. Employee raised via HR portal.,Employee Data Updates,,Closed,P2 - High,03/07/2025 03:31,05/07/2025 22:44,Benefits Team,Employee 6661,IT,HQ
HR-40281,Onboarding documents upload failing,Onboarding documents upload failing. Employee raised via HR portal.,Onboarding & Offboarding,,Closed,P2 - High,01/08/2025 21:39,02/08/2025 14:51,Payroll Team,Employee 2808,HR,HQ
HR-40170,Medical insurance card not received,Medical insurance card not received. Employee raised via HR portal.,Benefits & Medical Insurance,,Open,P3 - Medium,09/08/2025 02:11,,Benefits Team,Employee 1072,Quality,Region West
HR-40253,Name correction in HR system,Name correction in HR system. Employee raised via HR portal.,Employee Data Updates,,Closed,P4 - Low,14/08/2025 15:55,20/08/2025 16:00,HR Helpdesk,Employee 4510,Regulatory Affairs,Region North
HR-40237,Bank account update for salary credit,Bank account update for salary credit. Employee raised via HR portal.,Employee Data Updates,,Closed,P2 - High,27/07/2025 21:31,29/07/2025 10:46,HR Helpdesk,Employee 5897,Finance,HQ
HR-40226,Experience certificate request,Experience certificate request. Employee raised via HR portal.,Letters & Certificates,,Resolved,P3 - Medium,13/08/2025 04:22,18/08/2025 00:54,HR Helpdesk,Employee 3109,IT,Plant A
HR-40155,Tax declaration window reopen request,Tax declaration window reopen request. Employee raised via HR portal.,PF/Investment/Tax,,Closed,P2 - High,08/08/2025 23:28,10/08/2025 21:31,HR Helpdesk,Employee 2595,Manufacturing,Region South
HR-40149,Tax declaration window reopen request,Tax declaration window reopen request. Employee raised via HR portal.,PF/Investment/Tax,,On Hold,P4 - Low,07/07/2025 02:19,,Benefits Team,Employee 8368,R&D,Plant A
HR-40231,Experience certificate request,Experience certificate request. Employee raised via HR portal.,Letters & Certificates,,Closed,P3 - Medium,04/09/2025 22:26,07/09/2025 20:38,Payroll Team,Employee 5723,Supply Chain,Plant A
HR-40304,HR app login not working,HR app login not working. Employee raised via HR portal.,HR App/Tech Support,,Resolved,P4 - Low,26/09/2025 11:21,27/09/2025 16:37,Payroll Team,Employee 6363,Finance,HQ
HR-40153,Tax declaration window reopen request,Tax declaration window reopen request. Employee raised via HR portal.,PF/Investment/Tax,,Closed,P2 - High,17/09/2025 23:34,19/09/2025 04:31,Benefits Team,Employee 7033,Finance,Plant A
HR-40172,Medical insurance card not received,Medical insurance card not received. Employee raised via HR portal.,Benefits & Medical Insurance,,Closed,P2 - High,27/08/2025 22:35,01/09/2025 15:03,Payroll Team,Employee 2327,Regulatory Affairs,Region South
HR-40006,Payslip not available for June,Payslip not available for June. Employee raised via HR portal.,Payroll & Compensation,,Closed,P2 - High,13/08/2025 01:54,15/08/2025 11:29,Payroll Team,Employee 3415,Field Sales,Region North
HR-40198,Employment letter for visa application,Employment letter for visa application. Employee raised via HR portal.,Letters & Certificates,,Closed,P2 - High,02/08/2025 18:00,06/08/2025 15:47,Payroll Team,Employee 1182,Quality,Region South
HR-40007,Payslip not available for June,Payslip not available for June. Employee raised via HR portal.,Payroll & Compensation,,Resolved,P4 - Low,05/07/2025 17:25,07/07/2025 11:36,Benefits Team,Employee 4715,IT,Region South
HR-40318,Reimbursement claim rejected without reason,Reimbursement claim rejected without reason. Employee raised via HR portal.,Reimbursements & Expenses,,On Hold,P2 - High,03/09/2025 05:25,,Payroll Team,Employee 2186,Supply Chain,Region South
HR-40235,Bank account update for salary credit,Bank account update for salary credit. Employee raised via HR portal.,Employee Data Updates,,Closed,P4 - Low,12/09/2025 20:40,13/09/2025 09:10,Payroll Team,Employee 5881,Field Sales,Region North
HR-40097,Attendance regularization pending manager approval,Attendance regularization pending manager approval. Employee raised via HR portal.,Attendance & Leave,,Closed,P2 - High,06/08/2025 02:39,07/08/2025 10:59,Payroll Team,Employee 9426,R&D,Region West
HR-40117,Attendance regularization pending manager approval,Attendance regularization pending manager approval. Employee raised via HR portal.,Attendance & Leave,,Closed,P2 - High,22/08/2025 11:47,29/08/2025 10:13,HR Helpdesk,Employee 3944,Quality,HQ
HR-40026,Payslip not available for June,Payslip not available for June. Employee raised via HR portal.,Payroll & Compensation,,Closed,P4 - Low,28/08/2025 12:45,30/08/2025 00:20,Benefits Team,Employee 5953,Quality,HQ
HR-40036,Payslip not available for June,Payslip not available for June. Employee raised via HR portal.,Payroll & Compensation,,Resolved,P3 - Medium,20/07/2025 18:03,21/07/2025 14:18,HR Helpdesk,Employee 2836,Field Sales,Plant B
HR-40136,PF transfer status,PF transfer status. Employee raised via HR portal.,PF/Investment/Tax,,Closed,P3 - Medium,26/07/2025 16:48,09/08/2025 02:09,Benefits Team,Employee 3140,IT,HQ
HR-40230,Experience certificate request,Experience certificate request. Employee raised via HR portal.,Letters & Certificates,,Closed,P2 - High,17/08/2025 22:54,22/08/2025 17:24,HR Helpdesk,Employee 6250,Quality,Plant A
HR-40150,Tax declaration window reopen request,Tax declaration window reopen request. Employee raised via HR portal.,PF/Investment/Tax,,Closed,P3 - Medium,29/08/2025 19:58,01/09/2025 05:23,HR Helpdesk,Employee 3838,IT,Region North
HR-40264,Name correction in HR system,Name correction in HR system. Employee raised via HR portal.,Employee Data Updates,,Closed,P4 - Low,06/09/2025 20:42,10/09/2025 06:52,Benefits Team,Employee 3570,R&D,Region North
HR-40057,Salary component query,Salary component query. Employee raised via HR portal.,Payroll & Compensation,,Resolved,P2 - High,15/07/2025 23:05,19/07/2025 12:06,Benefits Team,Employee 7541,IT,HQ
HR-40195,Add dependent to insurance policy,Add dependent to insurance policy. Employee raised via HR portal.,Benefits & Medical Insurance,,Closed,P3 - Medium,11/07/2025 14:49,13/07/2025 09:08,Payroll Team,Employee 4203,R&D,Region South
HR-40316,HR app login not working,HR app login not working. Employee raised via HR portal.,HR App/Tech Support,,Closed,P2 - High,16/07/2025 17:20,17/07/2025 10:50,Benefits Team,Employee 9611,HR,Region North
HR-40140,PF transfer status,PF transfer status. Employee raised via HR portal.,PF/Investment/Tax,,Open,P4 - Low,25/07/2025 21:38,,HR Helpdesk,Employee 3904,Manufacturing,Region West
HR-40283,Onboarding documents upload failing,Onboarding documents upload failing. Employee raised via HR portal.,Onboarding & Offboarding,,Resolved,P2 - High,16/09/2025 20:06,18/09/2025 04:28,Benefits Team,Employee 7095,Quality,Plant A
HR-40112,Attendance regularization pending manager approval,Attendance regularization pending manager approval. Employee raised via HR portal.,Attendance & Leave,,Closed,P4 - Low,13/08/2025 14:14,18/08/2025 05:12,HR Helpdesk,Employee 2311,Finance,Region South
HR-40278,Onboarding documents upload failing,Onboarding documents upload failing. Employee raised via HR portal.,Onboarding & Offboarding,,Closed,P4 - Low,14/07/2025 07:18,14/07/2025 22:35,HR Helpdesk,Employee 1619,Manufacturing,Plant A
HR-40314,HR app login not working,HR app login not working. Employee raised via HR portal.,HR App/Tech Support,,On Hold,P3 - Medium,28/08/2025 10:18,,Payroll Team,Employee 9855,Supply Chain,HQ
HR-40114,Attendance regularization pending manager approval,Attendance regularization pending manager approval. Employee raised via HR portal.,Attendance & Leave,,Open,P2 - High,02/09/2025 05:12,,Benefits Team,Employee 5313,Marketing,HQ
HR-40011,Payslip not available for June,Payslip not available for June. Employee raised via HR portal.,Payroll & Compensation,,Resolved,P2 - High,31/07/2025 18:13,02/08/2025 00:44,Payroll Team,Employee 5072,Quality,Region North
HR-40098,Attendance regularization pending manager approval,Attendance regularization pending manager approval. Employee raised via HR portal.,Attendance & Leave,,Resolved,P3 - Medium,16/07/2025 00:43,22/07/2025 05:53,HR Helpdesk,Employee 7854,Supply Chain,Region South
HR-40254,Name correction in HR system,Name correction in HR system. Employee raised via HR portal.,Employee Data Updates,,Resolved,P2 - High,10/08/2025 20:21,17/08/2025 03:48,Payroll Team,Employee 9668,HR,Plant A
HR-40302,HR app login not working,HR app login not working. Employee raised via HR portal.,HR App/Tech Support,,On Hold,P3 - Medium,31/08/2025 18:18,,Payroll Team,Employee 7748,Finance,Plant B
HR-40295,ID card reissue,ID card reissue. Employee raised via HR portal.,ID Cards & Access,,Closed,P3 - Medium,16/09/2025 13:09,20/09/2025 15:03,Benefits Team,Employee 9206,Supply Chain,Region South
HR-40005,Payslip not available for June,Payslip not available for June. Employee raised via HR portal.,Payroll & Compensation,,Closed,P4 - Low,18/09/2025 09:52,19/09/2025 09:49,HR Helpdesk,Employee 5811,Quality,Plant A
HR-40004,Payslip not available for June,Payslip not available for June. Employee raised via HR portal.,Payroll & Compensation,,Closed,P3 - Medium,06/08/2025 11:18,09/08/2025 07:52,Benefits Team,Employee 1643,Regulatory Affairs,Plant A
HR-40247,Bank account update for salary credit,Bank account update for salary credit. Employee raised via HR portal.,Employee Data Updates,,Closed,P2 - High,11/08/2025 03:49,13/08/2025 14:35,Payroll Team,Employee 5566,HR,HQ
HR-40207,Employment letter for visa application,Employment letter for visa application. Employee raised via HR portal.,Letters & Certificates,,Closed,P4 - Low,01/07/2025 01:23,04/07/2025 05:58,Benefits Team,Employee 2437,HR,Plant B
HR-40074,Leave balance incorrect after regularization,Leave balance incorrect after regularization. Employee raised via HR portal.,Attendance & Leave,,Closed,P3 - Medium,19/09/2025 22:13,21/09/2025 05:33,Benefits Team,Employee 4017,Supply Chain,Region North
HR-40306,HR app login not working,HR app login not working. Employee raised via HR portal.,HR App/Tech Support,,Resolved,P2 - High,27/09/2025 23:09,28/09/2025 12:30,Payroll Team,Employee 4257,Marketing,Region South
HR-40080,Leave balance incorrect after regularization,Leave balance incorrect after regularization. Employee raised via HR portal.,Attendance & Leave,,Closed,P2 - High,06/09/2025 20:30,09/09/2025 00:59,Benefits Team,Employee 6158,Quality,Region North
HR-40113,Attendance regularization pending manager approval,Attendance regularization pending manager approval. Employee raised via HR portal.,Attendance & Leave,,Closed,P2 - High,22/07/2025 15:49,28/07/2025 14:45,HR Helpdesk,Employee 5936,Finance,Region South
HR-40282,Onboarding documents upload failing,Onboarding documents upload failing. Employee raised via HR portal.,Onboarding & Offboarding,,Closed,P3 - Medium,21/08/2025 03:00,22/08/2025 12:43,HR Helpdesk,Employee 7008,Manufacturing,Region South
HR-40001,Payslip not available for June,Payslip not available for June. Employee raised via HR portal.,Payroll & Compensation,,Closed,P4 - Low,27/09/2025 22:16,30/09/2025 09:39,Benefits Team,Employee 2702,R&D,Plant B
HR-40068,Leave balance incorrect after regularization,Leave balance incorrect after regularization. Employee raised via HR portal.,Attendance & Leave,,Closed,P2 - High,18/08/2025 21:42,21/08/2025 12:06,Payroll Team,Employee 4083,R&D,Plant B
HR-40131,PF transfer status,PF transfer status. Employee raised via HR portal.,PF/Investment/Tax,,Resolved,P4 - Low,13/09/2025 09:12,24/09/2025 16:46,HR Helpdesk,Employee 4977,Field Sales,Plant A
HR-40219,Experience certificate request,Experience certificate request. Employee raised via HR portal.,Letters & Certificates,,Closed,P3 - Medium,31/08/2025 20:41,02/09/2025 07:30,HR Helpdesk,Employee 6457,Quality,Region South
HR-40164,Medical insurance card not received,Medical insurance card not received. Employee raised via HR portal.,Benefits & Medical Insurance,,Closed,P2 - High,16/07/2025 14:50,25/07/2025 15:16,Payroll Team,Employee 7629,Manufacturing,HQ
HR-40201,Employment letter for visa application,Employment letter for visa application. Employee raised via HR portal.,Letters & Certificates,,Closed,P4 - Low,14/08/2025 16:56,16/08/2025 13:32,Benefits Team,Employee 5019,Manufacturing,Region North
HR-40144,Tax declaration window reopen request,Tax declaration window reopen request. Employee raised via HR portal.,PF/Investment/Tax,,Closed,P2 - High,31/07/2025 13:53,03/08/2025 13:15,Benefits Team,Employee 4024,Regulatory Affairs,Region West
HR-40134,PF transfer status,PF transfer status. Employee raised via HR portal.,PF/Investment/Tax,,Open,P3 - Medium,20/07/2025 21:03,,HR Helpdesk,Employee 2053,Marketing,Plant B
HR-40184,Add dependent to insurance policy,Add dependent to insurance policy. Employee raised via HR portal.,Benefits & Medical Insurance,,Resolved,P4 - Low,08/07/2025 06:30,12/07/2025 04:12,Benefits Team,Employee 4037,Supply Chain,Plant A
HR-40188,Add dependent to insurance policy,Add dependent to insurance policy. Employee raised via HR portal.,Benefits & Medical Insurance,,Resolved,P3 - Medium,04/07/2025 18:10,11/07/2025 16:50,Payroll Team,Employee 6959,IT,Region North
HR-40197,Employment letter for visa application,Employment letter for visa application. Employee raised via HR portal.,Letters & Certificates,,Open,P2 - High,27/08/2025 14:49,,HR Helpdesk,Employee 8970,Field Sales,Region South
HR-40102,Attendance regularization pending manager approval,Attendance regularization pending manager approval. Employee raised via HR portal.,Attendance & Leave,,Resolved,P4 - Low,13/08/2025 03:55,16/08/2025 14:02,Benefits Team,Employee 3892,Supply Chain,Region North
HR-40280,Onboarding documents upload failing,Onboarding documents upload failing. Employee raised via HR portal.,Onboarding & Offboarding,,Closed,P2 - High,14/09/2025 20:44,16/09/2025 16:46,Benefits Team,Employee 9241,IT,Plant A
HR-40066,Leave balance incorrect after regularization,Leave balance incorrect after regularization. Employee raised via HR portal.,Attendance & Leave,,Open,P2 - High,24/08/2025 00:23,,Payroll Team,Employee 1019,Marketing,Region South
HR-40223,Experience certificate request,Experience certificate request. Employee raised via HR portal.,Letters & Certificates,,Closed,P4 - Low,26/09/2025 01:17,29/09/2025 02:30,Benefits Team,Employee 6671,Marketing,Plant A
HR-40299,ID card reissue,ID card reissue. Employee raised via HR portal.,ID Cards & Access,,Closed,P2 - High,28/09/2025 05:59,30/09/2025 03:35,HR Helpdesk,Employee 4486,Quality,Region North
HR-40009,Payslip not available for June,Payslip not available for June. Employee raised via HR portal.,Payroll & Compensation,,Closed,P3 - Medium,18/09/2025 02:02,21/09/2025 01:21,Benefits Team,Employee 2922,Quality,Plant A
HR-40083,Leave balance incorrect after regularization,Leave balance incorrect after regularization. Employee raised via HR portal.,Attendance & Leave,,On Hold,P4 - Low,13/08/2025 12:31,,Benefits Team,Employee 8548,Field Sales,Region South
HR-40250,Bank account update for salary credit,Bank account update for salary credit. Employee raised via HR portal.,Employee Data Updates,,Closed,P3 - Medium,01/08/2025 14:43,04/08/2025 03:51,Benefits Team,Employee 6617,Field Sales,Plant B
HR-40095,Attendance regularization pending manager approval,Attendance regularization pending manager approval. Employee raised via HR portal.,Attendance & Leave,,Closed,P3 - Medium,16/09/2025 10:26,17/09/2025 19:49,Payroll Team,Employee 3651,Field Sales,HQ
HR-40061,Leave balance incorrect after regularization,Leave balance incorrect after regularization. Employee raised via HR portal.,Attendance & Leave,,Closed,P3 - Medium,14/09/2025 16:52,17/09/2025 12:41,Payroll Team,Employee 8689,R&D,HQ
HR-40088,Leave balance incorrect after regularization,Leave balance incorrect after regularization. Employee raised via HR portal.,Attendance & Leave,,Closed,P2 - High,16/09/2025 09:03,17/09/2025 09:18,Payroll Team,Employee 4116,R&D,Plant A
HR-40319,Reimbursement claim rejected without reason,Reimbursement claim rejected without reason. Employee raised via HR portal.,Reimbursements & Expenses,,Closed,P2 - High,13/07/2025 00:51,15/07/2025 23:31,Benefits Team,Employee 2214,Supply Chain,Plant A
HR-40241,Bank account update for salary credit,Bank account update for salary credit. Employee raised via HR portal.,Employee Data Updates,,Open,P2 - High,07/09/2025 06:27,,HR Helpdesk,Employee 5503,Field Sales,Region North
HR-40266,Name correction in HR system,Name correction in HR system. Employee raised via HR portal.,Employee Data Updates,,Closed,P4 - Low,28/08/2025 21:44,03/09/2025 12:54,Payroll Team,Employee 9556,HR,Region West
HR-40175,Medical insurance card not received,Medical insurance card not received. Employee raised via HR portal.,Benefits & Medical Insurance,,Resolved,P3 - Medium,21/07/2025 07:38,26/07/2025 07:01,Payroll Team,Employee 3062,Finance,Region North
HR-40312,HR app login not working,HR app login not working. Employee raised via HR portal.,HR App/Tech Support,,Resolved,P2 - High,01/07/2025 23:25,02/07/2025 08:27,HR Helpdesk,Employee 3293,Manufacturing,HQ
HR-40209,Employment letter for visa application,Employment letter for visa application. Employee raised via HR portal.,Letters & Certificates,,Closed,P3 - Medium,25/09/2025 00:01,27/09/2025 14:37,Benefits Team,Employee 6927,Marketing,Region West
HR-40210,Employment letter for visa application,Employment letter for visa application. Employee raised via HR portal.,Letters & Certificates,,Closed,P3 - Medium,02/09/2025 23:25,06/09/2025 22:38,Payroll Team,Employee 7862,R&D,Plant B
HR-40258,Name correction in HR system,Name correction in HR system. Employee raised via HR portal.,Employee Data Updates,,Resolved,P2 - High,14/08/2025 12:39,16/08/2025 01:45,Payroll Team,Employee 3636,Regulatory Affairs,Region West
HR-40297,ID card reissue,ID card reissue. Employee raised via HR portal.,ID Cards & Access,,Closed,P2 - High,30/08/2025 05:21,02/09/2025 09:54,Payroll Team,Employee 4101,Finance,Plant B
HR-40094,Attendance regularization pending manager approval,Attendance regularization pending manager approval. Employee raised via HR portal.,Attendance & Leave,,Closed,P2 - High,03/09/2025 02:18,05/09/2025 11:59,Benefits Team,Employee 2932,Marketing,Region West
HR-40092,Leave balance incorrect after regularization,Leave balance incorrect after regularization. Employee raised via HR portal.,Attendance & Leave,,Closed,P4 - Low,10/09/2025 13:57,13/09/2025 11:28,Payroll Team,Employee 4479,HR,Plant A
HR-40279,Onboarding documents upload failing,Onboarding documents upload failing. Employee raised via HR portal.,Onboarding & Offboarding,,Closed,P2 - High,23/07/2025 10:07,24/07/2025 07:36,Payroll Team,Employee 6268,Quality,Region South
HR-40167,Medical insurance card not received,Medical insurance card not received. Employee raised via HR portal.,Benefits & Medical Insurance,,Closed,P2 - High,10/09/2025 21:07,17/09/2025 02:22,Payroll Team,Employee 1795,IT,HQ
HR-40127,PF transfer status,PF transfer status. Employee raised via HR portal.,PF/Investment/Tax,,Closed,P2 - High,25/07/2025 03:54,06/08/2025 18:30,HR Helpdesk,Employee 8591,IT,Region North
HR-40256,Name correction in HR system,Name correction in HR system. Employee raised via HR portal.,Employee Data Updates,,On Hold,P2 - High,11/07/2025 22:41,,HR Helpdesk,Employee 9652,Field Sales,Region West
HR-40213,Employment letter for visa application,Employment letter for visa application. Employee raised via HR portal.,Letters & Certificates,,On Hold,P3 - Medium,21/08/2025 18:53,,HR Helpdesk,Employee 2395,IT,HQ
HR-40135,PF transfer status,PF transfer status. Employee raised via HR portal.,PF/Investment/Tax,,Closed,P4 - Low,07/08/2025 00:04,12/08/2025 00:27,Benefits Team,Employee 1319,Manufacturing,Region North
HR-40121,PF transfer status,PF transfer status. Employee raised via HR portal.,PF/Investment/Tax,,Closed,P4 - Low,18/07/2025 09:50,26/07/2025 23:49,HR Helpdesk,Employee 7519,Manufacturing,Plant A
HR-40048,Salary component query,Salary component query. Employee raised via HR portal.,Payroll & Compensation,,Closed,P2 - High,08/08/2025 07:22,10/08/2025 02:58,Benefits Team,Employee 4078,Finance,Plant A
HR-40267,Name correction in HR system,Name correction in HR system. Employee raised via HR portal.,Employee Data Updates,,Resolved,P3 - Medium,06/08/2025 04:57,08/08/2025 18:13,HR Helpdesk,Employee 5377,HR,HQ
HR-40154,Tax declaration window reopen request,Tax declaration window reopen request. Employee raised via HR portal.,PF/Investment/Tax,,Resolved,P4 - Low,18/09/2025 00:19,22/09/2025 18:59,Benefits Team,Employee 1931,Supply Chain,Plant B
HR-40165,Medical insurance card not received,Medical insurance card not received. Employee raised via HR portal.,Benefits & Medical Insurance,,Closed,P3 - Medium,21/08/2025 16:29,25/08/2025 07:09,Payroll Team,Employee 8726,R&D,Region West
HR-40132,PF transfer status,PF transfer status. Employee raised via HR portal.,PF/Investment/Tax,,Closed,P4 - Low,23/08/2025 11:53,31/08/2025 17:24,HR Helpdesk,Employee 6553,R&D,Region North
HR-40292,ID card reissue,ID card reissue. Employee raised via HR portal.,ID Cards & Access,,Closed,P3 - Medium,06/08/2025 15:25,10/08/2025 00:31,Payroll Team,Employee 2487,Marketing,HQ
HR-40139,PF transfer status,PF transfer status. Employee raised via HR portal.,PF/Investment/Tax,,Closed,P4 - Low,01/08/2025 13:24,11/08/2025 14:37,HR Helpdesk,Employee 1732,Manufacturing,Plant B
HR-40257,Name correction in HR system,Name correction in HR system. Employee raised via HR portal.,Employee Data Updates,,On Hold,P3 - Medium,15/08/2025 21:28,,Benefits Team,Employee 6324,R&D,Plant B
HR-40039,Salary component query,Salary component query. Employee raised via HR portal.,Payroll & Compensation,,Closed,P2 - High,14/07/2025 12:35,16/07/2025 08:25,HR Helpdesk,Employee 3858,Marketing,Plant A
HR-40285,Onboarding documents upload failing,Onboarding documents upload failing. Employee raised via HR portal.,Onboarding & Offboarding,,Closed,P4 - Low,19/08/2025 08:20,20/08/2025 21:45,Benefits Team,Employee 1716,Marketing,HQ
HR-40214,Employment letter for visa application,Employment letter for visa application. Employee raised via HR portal.,Letters & Certificates,,Closed,P4 - Low,08/07/2025 07:40,10/07/2025 23:31,HR Helpdesk,Employee 6249,Finance,Plant B
HR-40294,ID card reissue,ID card reissue. Employee raised via HR portal.,ID Cards & Access,,Open,P3 - Medium,29/07/2025 23:23,,HR Helpdesk,Employee 8401,Manufacturing,Plant A
HR-40301,HR app login not working,HR app login not working. Employee raised via HR portal.,HR App/Tech Support,,Closed,P4 - Low,03/08/2025 01:19,03/08/2025 08:15,HR Helpdesk,Employee 3941,Field Sales,Region North
HR-40182,Add dependent to insurance policy,Add dependent to insurance policy. Employee raised via HR portal.,Benefits & Medical Insurance,,Closed,P2 - High,13/07/2025 00:14,16/07/2025 05:38,Payroll Team,Employee 4396,R&D,Region South
HR-40035,Payslip not available for June,Payslip not available for June. Employee raised via HR portal.,Payroll & Compensation,,Closed,P2 - High,18/07/2025 00:54,20/07/2025 06:56,HR Helpdesk,Employee 5712,Field Sales,Region West
HR-40233,Bank account update for salary credit,Bank account update for salary credit. Employee raised via HR portal.,Employee Data Updates,,Resolved,P4 - Low,17/09/2025 09:02,19/09/2025 02:07,HR Helpdesk,Employee 6498,IT,Region West
HR-40180,Medical insurance card not received,Medical insurance card not received. Employee raised via HR portal.,Benefits & Medical Insurance,,Resolved,P4 - Low,18/08/2025 00:53,25/08/2025 17:32,HR Helpdesk,Employee 3530,Finance,Plant A
HR-40193,Add dependent to insurance policy,Add dependent to insurance policy. Employee raised via HR portal.,Benefits & Medical Insurance,,Closed,P2 - High,23/09/2025 22:54,26/09/2025 03:07,Payroll Team,Employee 8394,Finance,Region North
HR-40246,Bank account update for salary credit,Bank account update for salary credit. Employee raised via HR portal.,Employee Data Updates,,Closed,P2 - High,30/08/2025 04:36,31/08/2025 21:15,HR Helpdesk,Employee 7727,Quality,HQ
HR-40317,Reimbursement claim rejected without reason,Reimbursement claim rejected without reason. Employee raised via HR portal.,Reimbursements & Expenses,,Resolved,P3 - Medium,06/08/2025 09:21,11/08/2025 12:03,Payroll Team,Employee 2072,Field Sales,HQ
HR-40028,Payslip not available for June,Payslip not available for June. Employee raised via HR portal.,Payroll & Compensation,,Closed,P3 - Medium,08/09/2025 00:18,09/09/2025 00:35,Benefits Team,Employee 4437,IT,Region West
HR-40029,Payslip not available for June,Payslip not available for June. Employee raised via HR portal.,Payroll & Compensation,,On Hold,P4 - Low,12/09/2025 11:49,,Payroll Team,Employee 5021,Manufacturing,HQ
HR-40215,Employment letter for visa application,Employment letter for visa application. Employee raised via HR portal.,Letters & Certificates,,Resolved,P2 - High,07/08/2025 03:48,09/08/2025 03:28,HR Helpdesk,Employee 1759,Manufacturing,Plant A
HR-40187,Add dependent to insurance policy,Add dependent to insurance policy. Employee raised via HR portal.,Benefits & Medical Insurance,,Open,P4 - Low,16/09/2025 04:21,,HR Helpdesk,Employee 1977,R&D,Region North
HR-40324,Reimbursement claim rejected without reason,Reimbursement claim rejected without reason. Employee raised via HR portal.,Reimbursements & Expenses,,Closed,P2 - High,20/07/2025 08:27,23/07/2025 10:53,Benefits Team,Employee 1050,R&D,HQ
HR-40263,Name correction in HR system,Name correction in HR system. Employee raised via HR portal.,Employee Data Updates,,Closed,P3 - Medium,15/08/2025 15:14,21/08/2025 17:02,HR Helpdesk,Employee 4323,Marketing,Region West
HR-40177,Medical insurance card not received,Medical insurance card not received. Employee raised via HR portal.,Benefits & Medical Insurance,,Closed,P2 - High,17/07/2025 04:11,22/07/2025 17:40,Payroll Team,Employee 3309,R&D,Plant A
HR-40077,Leave balance incorrect after regularization,Leave balance incorrect after regularization. Employee raised via HR portal.,Attendance & Leave,,Open,P4 - Low,13/07/2025 07:48,,Payroll Team,Employee 1418,Marketing,Region South
HR-40049,Salary component query,Salary component query. Employee raised via HR portal.,Payroll & Compensation,,Closed,P4 - Low,22/08/2025 15:31,24/08/2025 19:27,Payroll Team,Employee 7081,Field Sales,Plant B
HR-40326,Reimbursement claim rejected without reason,Reimbursement claim rejected without reason. Employee raised via HR portal.,Reimbursements & Expenses,,Closed,P2 - High,07/09/2025 18:45,14/09/2025 01:53,HR Helpdesk,Employee 3415,Regulatory Affairs,Plant B
HR-40015,Payslip not available for June,Payslip not available for June. Employee raised via HR portal.,Payroll & Compensation,,Closed,P2 - High,03/09/2025 18:03,04/09/2025 11:43,Payroll Team,Employee 4430,Supply Chain,Plant B
HR-40069,Leave balance incorrect after regularization,Leave balance incorrect after regularization. Employee raised via HR portal.,Attendance & Leave,,Closed,P2 - High,25/08/2025 08:27,25/08/2025 19:46,HR Helpdesk,Employee 1750,IT,HQ
HR-40220,Experience certificate request,Experience certificate request. Employee raised via HR portal.,Letters & Certificates,,Resolved,P3 - Medium,17/07/2025 07:43,21/07/2025 21:09,HR Helpdesk,Employee 8334,Marketing,Region South
HR-40022,Payslip not available for June,Payslip not available for June. Employee raised via HR portal.,Payroll & Compensation,,Closed,P3 - Medium,18/08/2025 09:33,20/08/2025 21:20,Benefits Team,Employee 2342,Quality,Region South
HR-40023,Payslip not available for June,Payslip not available for June. Employee raised via HR portal.,Payroll & Compensation,,Open,P2 - High,27/07/2025 05:25,,Benefits Team,Employee 5435,IT,Plant B
HR-40073,Leave balance incorrect after regularization,Leave balance incorrect after regularization. Employee raised via HR portal.,Attendance & Leave,,On Hold,P4 - Low,07/07/2025 11:58,,HR Helpdesk,Employee 5934,Quality,Region North
HR-40067,Leave balance incorrect after regularization,Leave balance incorrect after regularization. Employee raised via HR portal.,Attendance & Leave,,On Hold,P2 - High,16/08/2025 12:06,,HR Helpdesk,Employee 5169,IT,Region South
HR-40111,Attendance regularization pending manager approval,Attendance regularization pending manager approval. Employee raised via HR portal.,Attendance & Leave,,Closed,P2 - High,29/07/2025 19:13,31/07/2025 10:16,HR Helpdesk,Employee 6873,Marketing,Plant B
HR-40143,Tax declaration window reopen request,Tax declaration window reopen request. Employee raised via HR portal.,PF/Investment/Tax,,Closed,P4 - Low,11/08/2025 05:14,12/08/2025 14:04,Benefits Team,Employee 7982,R&D,Plant B
HR-40255,Name correction in HR system,Name correction in HR system. Employee raised via HR portal.,Employee Data Updates,,On Hold,P4 - Low,15/07/2025 07:56,,Benefits Team,Employee 9758,HR,Region North
HR-40243,Bank account update for salary credit,Bank account update for salary credit. Employee raised via HR portal.,Employee Data Updates,,Closed,P2 - High,20/09/2025 02:56,21/09/2025 04:47,Payroll Team,Employee 2488,Supply Chain,Region South
HR-40199,Employment letter for visa application,Employment letter for visa application. Employee raised via HR portal.,Letters & Certificates,,Closed,P2 - High,09/09/2025 04:23,11/09/2025 05:35,Benefits Team,Employee 9564,Supply Chain,Region West
HR-40091,Leave balance incorrect after regularization,Leave balance incorrect after regularization. Employee raised via HR portal.,Attendance & Leave,,Closed,P4 - Low,15/09/2025 13:55,17/09/2025 20:28,Payroll Team,Employee 1495,IT,Plant B
